/*
MySQL Data Transfer
Source Host: localhost
Source Database: auth
Target Host: localhost
Target Database: auth
Date: 04-Sep-20 5:22:58 PM
*/


create database auth;

use auth;

SET FOREIGN_KEY_CHECKS=0;
-- ----------------------------
-- Table structure for attacker
-- ----------------------------
DROP TABLE IF EXISTS `attacker`;
CREATE TABLE `attacker` (
  `id` text,
  `owner` text,
  `cloud` text,
  `fname` text,
  `content` text,
  `trapdoor` text,
  `attacker` text,
  `dt` text
) ENGINE=InnoDB DEFAULT CHARSET=latin1;

-- ----------------------------
-- Table structure for cloudrecommend
-- ----------------------------
DROP TABLE IF EXISTS `cloudrecommend`;
CREATE TABLE `cloudrecommend` (
  `cloud` text,
  `attacks` text,
  `cefficiency` text,
  `Details` text,
  `recommendfrom` varchar(45) default NULL,
  `recommendto` varchar(45) default NULL,
  `date` text
) ENGINE=InnoDB DEFAULT CHARSET=latin1;

-- ----------------------------
-- Table structure for dataowner
-- ----------------------------
DROP TABLE IF EXISTS `dataowner`;
CREATE TABLE `dataowner` (
  `id` int(11) NOT NULL auto_increment,
  `username` varchar(45) default NULL,
  `password` varchar(45) default NULL,
  `email` varchar(45) default NULL,
  `mobile` varchar(45) default NULL,
  `address` varchar(45) default NULL,
  `dob` varchar(45) default NULL,
  `gender` varchar(45) default NULL,
  `pincode` varchar(45) default NULL,
  `image` longblob,
  `cloud` varchar(45) default NULL,
  PRIMARY KEY  (`id`)
) ENGINE=InnoDB DEFAULT CHARSET=latin1;

-- ----------------------------
-- Table structure for filerecommend
-- ----------------------------
DROP TABLE IF EXISTS `filerecommend`;
CREATE TABLE `filerecommend` (
  `recommendfrom` varchar(45) default NULL,
  `recommendto` varchar(45) default NULL,
  `Details` text,
  `fid` int(11) default NULL,
  `date` text
) ENGINE=InnoDB DEFAULT CHARSET=latin1;

-- ----------------------------
-- Table structure for migratedfiles
-- ----------------------------
DROP TABLE IF EXISTS `migratedfiles`;
CREATE TABLE `migratedfiles` (
  `id` int(11) default NULL,
  `fromcloud` text,
  `tocloud` text,
  `owner` text,
  `fname` text,
  `ct` text,
  `mac` text,
  `rank` text,
  `dt` text,
  `sk` text
) ENGINE=InnoDB DEFAULT CHARSET=latin1;

-- ----------------------------
-- Table structure for mobileterminal
-- ----------------------------
DROP TABLE IF EXISTS `mobileterminal`;
CREATE TABLE `mobileterminal` (
  `username` varchar(50) default NULL,
  `password` varchar(50) default NULL
) ENGINE=InnoDB DEFAULT CHARSET=latin1;

-- ----------------------------
-- Table structure for requests
-- ----------------------------
DROP TABLE IF EXISTS `requests`;
CREATE TABLE `requests` (
  `id` int(11) NOT NULL auto_increment,
  `reqfrom` text,
  `reqto` text,
  `dt` text,
  `status` text,
  PRIMARY KEY  (`id`)
) ENGINE=InnoDB DEFAULT CHARSET=latin1;

-- ----------------------------
-- Table structure for results
-- ----------------------------
DROP TABLE IF EXISTS `results`;
CREATE TABLE `results` (
  `fname` text,
  `tdelay` text,
  `tpt` text
) ENGINE=InnoDB DEFAULT CHARSET=latin1;

-- ----------------------------
-- Table structure for server
-- ----------------------------
DROP TABLE IF EXISTS `server`;
CREATE TABLE `server` (
  `id` int(11) NOT NULL auto_increment,
  `username` varchar(50) default NULL,
  `password` varchar(50) default NULL,
  `task` int(11) default NULL,
  `attack` int(11) default NULL,
  PRIMARY KEY  (`id`)
) ENGINE=InnoDB DEFAULT CHARSET=latin1;

-- ----------------------------
-- Table structure for transaction
-- ----------------------------
DROP TABLE IF EXISTS `transaction`;
CREATE TABLE `transaction` (
  `id` int(11) NOT NULL auto_increment,
  `cloud` text,
  `user` text,
  `fname` text,
  `task` text,
  `dt` text,
  PRIMARY KEY  (`id`)
) ENGINE=InnoDB DEFAULT CHARSET=latin1;

-- ----------------------------
-- Table structure for vmfiles
-- ----------------------------
DROP TABLE IF EXISTS `vmfiles`;
CREATE TABLE `vmfiles` (
  `id` int(11) NOT NULL auto_increment,
  `cloud` text,
  `owner` text,
  `fname` text,
  `ct` text,
  `mac` text,
  `rank` text,
  `dt` text,
  `sk` varchar(45) default NULL,
  PRIMARY KEY  (`id`)
) ENGINE=InnoDB DEFAULT CHARSET=latin1;

-- ----------------------------
-- Table structure for vmfiles11
-- ----------------------------
DROP TABLE IF EXISTS `vmfiles11`;
CREATE TABLE `vmfiles11` (
  `id` int(11) NOT NULL auto_increment,
  `cloud` text,
  `owner` text,
  `fname` text,
  `ct` text,
  `mac` text,
  `rank` text,
  `dt` text,
  `sk` varchar(45) default NULL,
  PRIMARY KEY  (`id`)
) ENGINE=InnoDB DEFAULT CHARSET=latin1;

-- ----------------------------
-- Records 
-- ----------------------------
INSERT INTO `attacker` VALUES ('4', 'Manjunath', 'cloud1', 'SearchFile.jsp', 'PCFET0NUWVBFIGh0bWwgUFVCTElDICItLy9XM0MvL0RURCBYSFRNTCAxLjAgVHJhbnNpdGlvbmFsLy9FTiIgImh0dHA6Ly93d3cudzMub3JnL1RSL3hodG1sMS9EVEQveGh0bWwxLXRyYW5zaXRpb25hbC5kdGQiPg0KPGh0bWwgeG1sbnM9Imh0dHA6Ly93d3cudzMub3JnLzE5OTkveGh0bWwiPg0KPGhlYWQ+DQo8dGl0bGU+U2VhcmNoIEZpbGU8L3RpdGxlPg0KPG1ldGEgaHR0cC1lcXVpdj0iY29udGVudC10eXBlIiBjb250ZW50PSJ0ZXh0L2h0bWw7IGNoYXJzZXQ9dXRmLTgiIC8+DQo8bGluayBocmVmPSJsYXlvdXQuY3NzIiByZWw9InN0eWxlc2hlZXQiIHR5cGU9InRleHQvY3NzIiBtZWRpYT0ic2NyZWVuIiAvPg0KPHN0eWxlIHR5cGU9InRleHQvY3NzIj4NCjwhLS0NCi5zdHlsZTQge2NvbG9yOiAjRkZGRkZGOyB9DQouc3R5bGUyMiB7Y29sb3I6ICNGRkZGMDB9DQotLT4NCjwvc3R5bGU+DQo8c2NyaXB0IHR5cGU9J3RleHQvamF2YXNjcmlwdCc+DQogICAgICAgIGZ1bmN0aW9uIHNhdmVUZXh0QXNGaWxlKCkNCnsNCgl2YXIgdGV4dFRvV3JpdGUgPSBkb2N1bWVudC5nZXRFbGVtZW50QnlJZCgidGV4dGFyZWEiKS52YWx1ZTsNCgl2YXIgdGV4dEZpbGVBc0Jsb2IgPSBuZXcgQmxvYihbdGV4dFRvV3JpdGVdLCB7dHlwZTondGV4dC9wbGFpbid9KTsNCgl2YXIgZmlsZU5hbWVUb1NhdmVBcyA9ICJGaWxlLnR4dCI7DQoNCgl2YXIgZG93bmxvYWRMaW5rID0gZG9jdW1lbnQuY3JlYXRlRWxlbWVudCgiYSIpOw0KCWRvd25sb2FkTGluay5kb3dubG9hZCA9IGZpbGVOYW1lVG9TYXZlQXM7DQoJZG93bmxvYWRMaW5rLmlubmVySFRNTCA9ICJEb3dubG9hZCBGaWxlIjsNCglpZiAod2luZG93LndlYmtpdFVSTCAhPSBudWxsKQ0KCXsNCgkJLy8gQ2hyb21lIGFsbG93cyB0aGUgbGluayB0byBiZSBjbGlja2VkDQoJCS8vIHdpdGhvdXQgYWN0dWFsbHkgYWRkaW5nIGl0IHRvIHRoZSBET00uDQoJCWRvd25sb2FkTGluay5ocmVmID0gd2luZG93LndlYmtpdFVSTC5jcmVhdGVPYmplY3RVUkwodGV4dEZpbGVBc0Jsb2IpOw0KCX0NCgllbHNlDQoJew0KCQkvLyBGaXJlZm94IHJlcXVpcmVzIHRoZSBsaW5rIHRvIGJlIGFkZGVkIHRvIHRoZSBET00NCgkJLy8gYmVmb3JlIGl0IGNhbiBiZSBjbGlja2VkLg0KCQlkb3dubG9hZExpbmsuaHJlZiA9IHdpbmRvdy5VUkwuY3JlYXRlT2JqZWN0VVJMKHRleHRGaWxlQXNCbG9iKTsNCgkJZG93bmxvYWRMaW5rLm9uY2xpY2sgPSBkZXN0cm95Q2xpY2tlZEVsZW1lbnQ7DQoJCWRvd25sb2FkTGluay5zdHlsZS5kaXNwbGF5ID0gIm5vbmUiOw0KCQlkb2N1bWVudC5ib2R5LmFwcGVuZENoaWxkKGRvd25sb2FkTGluayk7DQoJfQ0KDQoJZG93bmxvYWRMaW5rLmNsaWNrKCk7DQp9DQoNCmZ1bmN0aW9uIGRlc3Ryb3lDbGlja2VkRWxlbWVudChldmVudCkNCnsNCglkb2N1bWVudC5ib2R5LnJlbW92ZUNoaWxkKGV2ZW50LnRhcmdldCk7DQp9DQo8L3NjcmlwdD4NCjwvaGVhZD4NCjxib2R5Pg0KPGRpdiBpZD0iaGVhZGVyIj4NCiAgPGRpdiBpZD0ibG9nbyI+DQogICAgPHA+Jm5ic3A7PC9wPg0KICAgIDxwPiZuYnNwOzwvcD4NCiAgICA8cD4mbmJzcDs8L3A+DQogICAgPHA+Jm5ic3A7PC9wPg0KICAgIDxwPiZuYnNwOzwvcD4NCiAgICA8cD4mbmJzcDs8L3A+DQogICAgPGgyIGFsaWduPSJjZW50ZXIiIGNsYXNzPSJzdHlsZTQiPkF1dGhlbnRpY2F0aW9uIGFuZCBLZXkgQWdyZWVtZW50IEJhc2VkIG9uIEFub255bW91cyBJZGVudGl0eSBmb3IgUGVlciB0byBQZWVyIENsb3VkPC9oMj4NCiAgPC9kaXY+DQo8L2Rpdj4NCjxkaXYgaWQ9Im5hdmlnYXRpb24iPg0KICA8dWw+DQogICAgPGxpPjxhIGhyZWY9ImluZGV4Lmh0bWwiPkhvbWU8L2E+PC9saT4NCiAgICA8bGk+PGEgaHJlZj0idmVydHVhbE1hc3RlckxvZ2luLmpzcCI+TW9iaWxlIFRlcm1pbmFsPC9hPjwvbGk+DQogICAgPGxpIGNsYXNzPSJhY3RpdmUiPjxhIGhyZWY9ImRhdGFPd25lckxvZ2luLmpzcCIgY2xhc3M9ImZpcnN0Ij5Vc2VyPC9hPjwvbGk+DQogICAgPGxpPjxhIGhyZWY9ImNsb3VkU2VydmVyTG9naW4uanNwIj5DbG91ZFNlcnZlcjwvYT48L2xpPg0KICAgIDxsaT48YSBocmVmPSJhYm91dFByb2plY3QuaHRtbCI+QWJvdXRQcm9qZWN0PC9hPjwvbGk+DQogIDwvdWw+DQo8L2Rpdj4NCjxkaXYgaWQ9ImNvbnRlbnQiPg0KICA8ZGl2IGlkPSJwYWdlIj4NCiAgICA8ZGl2IGlkPSJjb2x1bW4xIj4NCiAgICAgIDxkaXYgY2xhc3M9ImJveDEiPg0KICAgICAgICA8aDI+U2VhcmNoIEZpbGUgPC9oMj4NCiAgICAgICANCiAgIA0KICAgICAgICA8cD4NCgkJDQoJICA8JUAgaW5jbHVkZSBmaWxlID0gImNvbm5lY3QuanNwIiAlPg0KCSAgPCVAIHBhZ2UgaW1wb3J0ID0gImphdmEudXRpbC5EYXRlIiAlPg0KCSAgPCVAIHBhZ2UgaW1wb3J0ID0gImphdmEuc2VjdXJpdHkuS2V5IiAlPg0KCSAgPCVAIHBhZ2UgaW1wb3J0ID0gImphdmEudGV4dC5TaW1wbGVEYXRlRm9ybWF0IiAlPg0KCSAgPCVAIHBhZ2UgaW1wb3J0ID0gIm9yZy5ib3VuY3ljYXN0bGUudXRpbC5lbmNvZGVycy5CYXNlNjQiJT4NCgkgIDwlQCBwYWdlIGltcG9ydCA9ICJqYXZheC5jcnlwdG8uc3BlYy5TZWNyZXRLZXlTcGVjLGphdmF4LmNyeXB0by5DaXBoZXIiICU+DQoJICANCgkgDQoJCSA8JQ0KCQkgIA0KCQkgICAgCXRyeSANCgkJCQl7DQoJCQkNCgkJCQlTdHJpbmcgaWQgPShTdHJpbmcpIGFwcGxpY2F0aW9uLmdldEF0dHJpYnV0ZSgiaWQiKTsNCgkJCQlTdHJpbmcgYSA9IChTdHJpbmcpYXBwbGljYXRpb24uZ2V0QXR0cmlidXRlKCJhIik7DQoJCQkJU3RyaW5nIHQyID0gcmVxdWVzdC5nZXRQYXJhbWV0ZXIoInQyIik7DQogICAgICAgICAgICAgICAgU3RyaW5nIGZpbGUsY3QscmFuazsNCgkJCQlpbnQgaT0wLGo9MDsNCgkJCVN0cmluZyBzdHIgPSAic2VsZWN0ICogZnJvbSB2bWZpbGVzIHdoZXJlIGlkPSciK2lkKyInICI7DQoJCQlTdGF0ZW1lbnQgc3QgPSBjb25uZWN0aW9uLmNyZWF0ZVN0YXRlbWVudCgpOw0KCQkJUmVzdWx0U2V0IHJzID0gc3QuZXhlY3V0ZVF1ZXJ5KHN0cik7DQoJCQl3aGlsZShycy5uZXh0KCkpDQoJCQl7DQoJCQlmaWxlID0gcnMuZ2V0U3RyaW5nKDQpOw0KCQkJY3QgPSBycy5nZXRTdHJpbmcoNSk7DQoJCQkJU3RyaW5nIHNrID0gcnMuZ2V0U3RyaW5nKDkpOw0KCQkJaiA9IHJzLmdldEludCg3KTsNCgkJCQ0KCQkJaSA9IGorMTsNCgkJCQ0KCQkJDQoJCSAgICBTdHJpbmcgZGVjcnlwdGVkVmFsdWUgPSBuZXcgU3RyaW5nKEJhc2U2NC5kZWNvZGUoY3QuZ2V0Qnl0ZXMoKSkpOwkNCgkJCQ0KCQkJU3RyaW5nIHN0cjEgPSAidXBkYXRlIHZtZmlsZXMgc2V0IHJhbms9JyIraSsiJyB3aGVyZSBpZD0nIitpZCsiJyI7DQoJCQljb25uZWN0aW9uLmNyZWF0ZVN0YXRlbWVudCgpLmV4ZWN1dGVVcGRhdGUoc3RyMSk7DQoJCQkJDQoJCWlmKHQyLmVxdWFsc0lnbm9yZUNhc2Uoc2spKQ0KCQl7DQoJCQklPg0KCQkJDQoJCQ0KICAgICAgICA8dGFibGUgd2lkdGg9IjQ3OCIgYm9yZGVyPSIwIiBhbGlnbj0iY2VudGVyIj4NCiAgICAgICAgICAgICAgPHRyPg0KICAgICAgICAgICAgICAgIDx0ZCB3aWR0aD0iMjIzIiBoZWlnaHQ9IjUxIiBiZ2NvbG9yPSIjRkYwMDAwIj48c3BhbiBjbGFzcz0ic3R5bGU1IHN0eWxlMjIiPkVudGVyIEZpbGUgTmFtZSA8L3NwYW4+PC90ZD4NCiAgICAgICAgICAgICAgICA8dGQgd2lkdGg9IjI0NSI+PGxhYmVsPg0KICAgICAgICAgICAgICAgICAgPGlucHV0IHJlcXVpcmVkIG5hbWU9InQxIiB0eXBlPSJ0ZXh0IiB2YWx1ZT0iPCU9ZmlsZSU+IiBzaXplPSI0MCIgLz4NCiAgICAgICAgICAgICAgICA8L2xhYmVsPjwvdGQ+DQogICAgICAgICAgICAgIDwvdHI+DQogICAgICAgICAgICAgDQogICAgICAgICAgICAgIDx0cj4NCiAgICAgICAgICAgICAgICA8dGQgaGVpZ2h0PSIzNSIgYmdjb2xvcj0iI0ZGMDAwMCI+PHNwYW4gY2xhc3M9InN0eWxlNSBzdHlsZTIyIj5GaWxlIENvbnRlbnQ8L3NwYW4+PC90ZD4NCiAgICAgICAgICAgICAgICA8dGQ+PHRleHRhcmVhIG5hbWU9InRleHQiIGlkPSJ0ZXh0YXJlYSIgY29scz0iNDUiIHJvd3M9IjE3Ij48JT1kZWNyeXB0ZWRWYWx1ZSU+PC90ZXh0YXJlYT48L3RkPg0KICAgICAgICAgICAgICA8L3RyPg0KICAgICAgICAgICAgICA8dHI+DQogICAgICAgICAgICAgICAgPHRkPiZuYnNwOzwvdGQ+DQogICAgICAgICAgICAgICAgPHRkPiZuYnNwOzwvdGQ+DQogICAgICAgICAgICAgIDwvdHI+DQogICAgICAgICAgICAgIDx0cj4NCiAgICAgICAgICAgICAgICA8dGQ+PGRpdiBhbGlnbj0icmlnaHQiPjwvZGl2PjwvdGQ+DQogICAgICAgICAgICAgICAgPHRkPjxsYWJlbD4NCiAgICAgICAgICAgICAgICAgIDxidXR0b24gb25DbGljaz0ic2F2ZVRleHRBc0ZpbGUoKSI+RG93bmxvYWQ8L2J1dHRvbj4NCiAgICAgICAgICAgICAgICA8L2xhYmVsPjwvdGQ+DQogICAgICAgICAgICAgIDwvdHI+DQogICAgICAgIDwvdGFibGU+DQogICAgICAgICANCgkJCQ0KCQkJICAgIA0KCSANCgkJCSAgICAgICAgPC9wPg0KCQk8JQ0KCQl9DQoJCWVsc2UNCgkJew0KCQlvdXQucHJpbnQoIlNlY3JldCBLZXkgTWlzTWF0Y2ggIik7DQoJCX0NCgkJfQ0KCQlpZihhLmVxdWFsc0lnbm9yZUNhc2UoImEiKSkJDQoJCXsJDQoJCSU+CQ0KICAgICAgICA8cD48YSBocmVmPSJzZWFyY2hGaWxlLmpzcCI+QmFjazwvYT48L3A+DQogICAgICA8JQ0KCSAgfQ0KCSAgZWxzZQ0KCSAgew0KCSAgJT4NCgkgICA8cD48YSBocmVmPSJ2aWV3T3duZXJGaWxlLmpzcCI+QmFjazwvYT48L3A+DQoJICA8JQ0KCSAgfQ0KCSAgCQ0KCQkJDQoJDQoJCQkJCQ0KCQkNCgkJCQkJDQoJDQoJIA0KICAgICAgICAgICBjb25uZWN0aW9uLmNsb3NlKCk7DQogICAgICAgICAgfQ0KICAgICAgICAgDQogICAgICAgICAgY2F0Y2goRXhjZXB0aW9uIGUpDQogICAgICAgICAgew0KICAgICAgICAgICAgb3V0LnByaW50bG4oZS5nZXRNZXNzYWdlKCkpOw0KICAgICAgICAgIH0NCiU+IAkJICANCgkJCSAgICANCgkgIDwvZGl2Pg0KICAgIDwvZGl2Pg0KICAgIDxkaXYgaWQ9ImNvbHVtbjIiPg0KICAgICAgPGgyPk1lbnU8L2gyPg0KICAgICAgPHVsPg0KICAgIA0KICAgIDxsaT48YSBocmVmPSJkYXRhT3duZXJNYWluLmpzcCI+RGF0YSBPd25lciBNYWluPC9hPjwvbGk+DQogICAgPGxpPjxhIGhyZWY9ImRhdGFPd25lckxvZ2luLmpzcCI+TG9nIE91dDwvYT48L2xpPg0KICAgDQogICAgICA8L3VsPg0KICAgIDwvZGl2Pg0KICA8L2Rpdj4NCiAgPGRpdiBzdHlsZT0iY2xlYXI6IGJvdGg7Ij4mbmJzcDs8L2Rpdj4NCjwvZGl2Pg0KPGRpdiBpZD0iZm9vdGVyIj4NCiAgDQo8L2Rpdj4NCjwvYm9keT4NCjwvaHRtbD4NCg== Attacked contents are here', '-183352db0249bab39578b50f4b7aaa79f99f1f5', 'Hacker', '04/09/2020 16:59:40');
INSERT INTO `dataowner` VALUES ('1', 'Mohan', 'Mohan', 'Mohan.123@gmail.com', '9535866270', '#7827,4th Cross,Rajajinagar', '05/06/1987', 'MALE', '560021', 0x89504E470D0A1A0A0000000D49484452000000560000006108060000004C2956E20000001974455874536F6674776172650041646F626520496D616765526561647971C9653C000033A74944415478DAD47D099465D755DDB9F7CD7FA8FABFAAABBAAA7A54B7E679F28027D946660132766C1C9B30C48019ECB042D62210BC184220AC008909249805090E430C8198D8C196B1F1204B962C6B9625B5C656AB47755575758DBFFE7FFFCD37FBDCFB5ED5AF52B72575976253D2ED3FD4FBEFBFB7EFB9FBEC73EEB9B784528ACEF473774DD056FCA882C8AD115DFE3D93D49D0FF1C6A603F86B029B846F137992241A79786D4B41AEDC21A4BD47DAFE8DD2762F13B6332E85DC25480CE1533D25E82815C5119CE27625E413599E9D2ED2B42BA5A2340E29CD13F28A82FEC7A331FDC123099F96FA99C2475E78195BF533BB30AF1F6DFAF6FB71D1F6A1BD01A8BF573AFEC5961DB46CD76F4A3790D27288D0A494047CAE53799EAA2CFE81228DA6459EDF46547C0EA01D2C849C75700CA3E802E8619CD516163E935304701959A55EB99BF87602B689F61658F0FBD0DE498E55B7FD2639FE30D97E839C7A9B647384A8DE22C26BFC0200DB6CF10E25FD29EAAF4E15DD851BD3A5E95F8C97679EB6F2FC93A2C8FF5E52768FEF0A6A79448C33A5160998785628CAF2820AA0FB4A00FCED01AC52EFC4BFFF420AF15D2471E3AE45961794800E93333C4EA23549D400B0B561005B075D04001766286D4327454E32C3700F97C89B397C6934FDCC2FC773077FD2EAA69F6CBBF41F473C79948175716E3B1114A6052C57529C6594E76ACBB9E15B0DEC1EB45F44FB2180334496E0F14AC202D7DA2E0CD227B65A516B03D096690DB400C61D005C17E0DA8E01977FC0A9148F118D4C91BF631FD987B68DF79EFAFA87DEB833BF72A9A77EEA81B9E2E9B663535BD9B4007057C29C96C39862D04396E75B0AEEB712D85BD07E03EDFA0D8EAC7A22E440B30C7896ABF91568A3D58C57F401AE8BD782A93903B05DB8B565BC76C8BED4230F60DBE99D6F7CD705D99FB76DF1AE27FA7226AB0534143934D74B492D0A5AEE46C014EC9BA97FD4C05E82F621B41FD7BCCAF7C2AD608B23E351584A1465C3F0A62C2A5B8C63B2F586E14F6C697C9CC52790C68261EDE4DA9A2EFC9D57D3CAC967A9B1B2F29A1BC7E85FF557C487A95D273FF185B79AAB1C10A4FC553D702DCE53F039FFB1000BAC7C78899BF0F43D68FC78D18603E04418A022070564828A2CC7CB18379902D73EB9DD1563A5DA622D63D18A0105B809008FBAC692B987F0198A7B780FD22EEE6B8F65D7EAD44F0535A47AFFAB47E5A757C79BF7C87E4D052D8837CF5739CE39B760D1D24A97E2B820B505DEECACC0F208DCA29F37DB167D24EFA757803D7D752622E321C8668356A40037C1C0B4FB70E0ABC0C5A60C54A02F34AF80046035F0AC079E75E0EE6DBB74F9CA809DF23100375CA6A27B9AF27E44392497CA8B89B121F9A53D3B87FEA021B7FDEA934B45E63587A8C0396CDBC3A91C5AEC76A8DF49F155F9B737B0E8FC37C1C7DCE0355D0A7BA1A1D1CDB1078FFE34270187A21D9834A33A171D4AA08D0C53E4E4802F055B677709CE0B31425033FCCAFC2B2DC3270C3ED306028422EE503C7782B2C569FC4A509E6610124EDDF1EB1FBE74D7D482D3B53EE29EC235417D0C0DB5E8C4F4693A767296A6FB4BD4CFA3F3B2DCB3022BB70A58A27B80C36AB4D86F8EED6DD2EA02AC27CE0D58AC2159EA70249430C7015CFC57686C19D084525AC171A08922C6B12959699F2C00263A7EE9C81CD650A525182A2860D5691252162E52BC7092F2D5553D1A983D4400568285BB41EDD7F6B4479E08DDF0F3B5E161313CD2833CAEAB0496BABC12521445E72512CE0AECAE2BBC2D01560871FBF4E3D15F3FF3E5E59F98BA3A94CD893A35DA1E2948AA02D24AFB29DC41060FCD2F34D8B1F164FC5CC292F3242381E12DD21E290C7F510464D50C0D146146E93C2C59803EF07944616003000B7ECDA1100AD000A1D3089DC98181E07F3CA68FA0E1B546FEDD9EA0F9686D319EAED722813E16D3B373CAF7CA8E52F9D6035B5C7AC1D698AC14596DA4F76B0B4FCE7CF7D18793DDD24E48E2BE02044F3E24A93712903BE295FC8068A89B68CEB54009D201F08EA4940580C34E0D40BB1C964AF2C71A347AD976722F982047C6B47A72517B7495A5DAB28B84CF03609282043E179E08C99B0A8C154A619CA0EDBCBADD68FEA874D56F915CA499C54081E13505E80150BC0216DBB9F6CA2DF35EC291FB836BE69BFDAF3F4DC563E03B5064174EBB7B8A39983D775F6708588A3A18D96C30BE63022BCF377E6D19C72F750C9532D041B048CF7DE1384DDD384CFB6EB984864689160EAF806233923C0A60E9DC41122D5E8E293CD5257F0A2325463800E015226161E7AC363ED0F0B3FFB5E0D0511BE66C5B42598E459C67C8E915B0D8C0115B64B0B0B838F939CBB5DBF2D51753BA7F82D223B3649D982781212C6158022C60030C01C0C832EA2BD50ECDD02653690B710027C01640979667242C1BD4C1DB57A8FBFC0374F57B2EA766DDA5A563A13134C6043D504460E9E73A9AC31D7672AC28BA5D384AA8866C92BF609FE559DFEF5BCEEF3A96A546479BA23D54578BF32BB8AEEC9C1DD859816D34822D01362FD41BF2387D9305B41C7060BE6D88D2768DA2AB76531A02D5D3CB24E73A642D75C90923B21103B80058F40CC8CA2E832E8EF3F1BA0D0B3E0D7011995202E0A19068FA090CDDF009BAEA96FD14C0D27AF37DF070A1D9254C0300BF42F51D0221B2052E8F285B9987045B8513EC1BBE7582F7D402FB0F871BB5686A7C8426C647E9D4692803D0C9B9CAAEB3023BDCAA6F89B58661F4F668B9BBCDAAA80DA6C6CF6DBEC9A64F51639CA2DDE3D467C7D305204B21493CDABD3EF988E303382E3F4A28008835806EA12F9C320670017684F7023C3EFB141EB74FD385578F934227297C59FD7BDF47EEF01E3AF5F02F8302400BF84E59B0B33B45F9F23459A3E346FED4D5B5AD867F15DA036323C3B47B729B98993DAD3A9087FDDEB9050CF6D9F5E7F9471FB928DAF04137BA00544B545B92034BE2A1CE693BC95E1F06E1E44601C420D6FEF61645634314B3B9018C22CAC8CA0AC82C5C0F8675B3E6D3481DA16A3F210F814330B19D561D9FFA994547B7D5E8C21D11B5AE8719EFBF81E8B537D328A493FFBABF21F5C001CAF1791FC77417962979FE30598D3659394B05F2E0516F1AA9B90F8C0F0F895D9323EAD4C28458EEF6D4A97409D158BA8521ADD8128EDD0F3D7A4D1D63D801FFD50B4B7327988BFA00985D4856A60A6C9E398095F17D726BD47DBC1750868868A8354CF5C630241A67BBEA18BD81C97CA1593A02036D59359323E0B33177707286897874945AFFF4FB69E1A903141D5FA6D68523A0908CFACF1FD381818F4EB58A4850307AB50BB21F69DAB463AC4DA74107737310E09D3E65291B43BE35C0C23D6E05B0D06CC9367EE2C0741DA70C3D1DA113568243511D6909336F00226599C5EF091C2B1C00E8328835C82C787197F5A7C5273392815F5BE5755A6B12CAF414CB2D1E75386CC7CD37D3A93B6EA3E8E1BBC0AF31B5F78ED0FCD1D3149F3C4C1C6207206BAB1DEDB3323770B3226A62886D831F181F6DD1CCE9052898BECE487E3B2561F60E4460B496C92A9BE2C8400E64B7449949E0C102B56E4916FC081A0427B16159900D12972CD8E5B394E0CB5796F172FA358B7AB9316406477B93E3D47CD77B69E1F8411A7E728646A79AD49A6CD1D2C979C40DA02110B6DF5D6A0ABFBDAD1F3927C043528A42B13272D1A13CA593B2647919EC285F4150D906AF3C6BA03BF0C080921203175E4E480DB6C1F7740C5C98C848876E65A60BFA5467B7360380F7AFFCCE9B68E5CD6FA7E3D321CD7CF190E6EEFA7040C5D21225278E50FFF8E38DDE9127C6BA278F52B8388730B807991899AC9B7AF949F057D2628506579443BD8CACAA870D18ABCDA00B13DEC23285E2BC82014E29343C0A0671AD01C85C96C98DD254ADBC4CCA94AF9342E7675FF5CFDE43771D788CFA5F7C80164F3E4D3B5E3741019C61DC83B448E6EB7DD11B5DC99768C56E8924F3387A535992EB907BEB5441F6F24845F08D486B33B405F3A600B01CA39BA16F8063C313DAEA4A40749E7AC0725599A79526E15D14C6320587ADFCC8592CC999ACCCC4F5993449872A4FAB495CACCFC147390D4F0CD1551FFA317AF4B923642FCED3ECD3110D8FA6E40D5BA43C9B13DD22EEA7B42A125A55359527192EBC382779745660EDA18997659C79770ED14D080753DB607C0CAAB46CF0A45837C8621309A96AE6A004BCE25BD6B66CB10051C85CE700143A4FE566BA46D0C048E00FB276530C7619510CE42E355DC439EDB978278DFFD1BF27ABD7D18E2B3E7182C2DB6E237765197D1767313A6035CFC47281303894947114B2953AD67AD3AFBFAC1359C7BE42D9897BA9583E62B2FDA4EFDB1218A2C236528AF2D22207015D03B9A2807590198C420F7D000AA9260A692821E7D1911A83CCC4FA740E5B70611B6BCD3701ABCA691C001F4CB6715C5D4FF5785343942DCF43E73EB4B434BB7CF254985B73386E2E4D693EB6A90F0DAB47CBB76C6A66CF5BC946CB1EFC632AA6EFE5B41CBA5ACCB26C933CFF6497D91332F957A302C43AB20C5A6E0056C26463CD0C4CA6ADB4C8184809CB37D421357D143AC8D0D6C896CAFAB5B0D627203703AB9D1C2EAB9FEA8438F3B582E268EC19A3CE8120391EF57A071612586B4AB3D0AE4BA0996E6C82976FF99C9775F5FB299D783589E73E9B8BDEE9237AB0820A24346BCE199742ADCB210D4AC5AF25DF2A517A7C59FE3EC3FF9CCC03B8ECA08421006343A68784951B8756CD2448B1690A4419BEE6F37A86AA8A68D500CB79AE95153A3CDF5DF9F87431371F098BE71843D04154B05B10E754D0B1F5AA00825E8D5F473D7F0FC9D9078F0D1DFB942A5C5B48CFC1CD58FA66CC9DB1650AADB4F42C2B5B982AAD598A75D0B5B64D19BE353AD5FE4F27C58DA3129A836D5D8F00DE31DCBB01D842CFC08AFA085173DC7805F883B4338B00C4A2F8F8513A31BBFAC43D8B2A47E0E5C47C5A255E991984739E8AE1E199C742FAC38ADCFA410CC123C271F7491F91531F9E97B3456AD0FB57CF2B5E2D65AA660AB5E69C789A26377A825888B10CD30AC1624011380050E655210C15888128811DA0707C12C1B0B168FE4CD0246BE5382DCFF7C83A385324FDF8B14CB932CAD6F2DBE7952CD94A6085992B9388565CA194A572D73D5408EB41FC629FF43CB2BC88149C810657A8924F2B555494DC58E6524B46D838F7C8E032AF161A54560A420124381BA58B3A4A6065C9C16BA94B48AAA13113066B5D6D69D51026113D71C7633479E254FFD1BEF5102E4714626BEA61E45682BA2E692DE1C9C2B226AE4DF289D77E8DD2B09088E16500ABE104AAA82C53691055B1A960434F8299DFE9E7FA38A5298325579E4688DD233DB7055343EBE1BD10AF433CF6F03A844C2A5BDC818102D07ADB14D171D69CA7CCF388EEFADA53543CF8344090F7DEBA641DD5FDB1453F720B41AD44A534862B2DC777A5684E7D0E63F510590AC07A100BBE49F0A801FD5A81A72B5F36819997737AB932BFE3E7F0D63C6998277DDD32005AA4FD126480CB40738B57F17E4416F3AAD730D199EBE828ECF17B1EA4EC8E87E92A48B4BB3AF4C9954CACCA753CCEDB6AED2DB2D2C14E92556391956DBFFE5831FBE0E765E7E8C5D2F54921849471622AFC58FE0CC40DDAE77074900F9EAE8CD4C8F0B0506588ACA3B44CF327E7197361E49819EAE6644C395E7B0789A171F33E5B2A9780AECC51F0DC33742DBE2821F1F8A717ACDB21A9942DD6BAB97295C5B7DA62AB40DD2A3B8B1BD7FC78A239562B76BCE17F2A61CF32484C0776B38E47D7005451406995AAB2D48CD62C563FCF2AEBC531BA7266A0E9CC79666668118AAB042D0E41A316F9E3FBD7AB12B972064E2E3FFE0D1A5A5CA0619BB23B57AC3F3C18D2115F2A8729B6A47D75BE562BB700543160A5D620A83C27098135A4B6DF30938F5DFB314E6AB224B238895D0F48F2742CD18661AF6558514AB0BC18A0898A67D73B40151545A875F0CB722585882CD87E29E4D5765C996B0A95B942F1E493D43F7C805C44564BE47CE9ABA17B6B2F81A75DAFF1FE963A2FB1E9B102D52A41F5CB1658AA6848CB1D4AF6DC726B51DB798795C73A896D356B64376A25B8629D63D7C0ADACB530F501599994C98AF5695C5DDD52E8A04B3F6A6B2E3405F8ADDD648DECD5166A662361B54B27A977E02BBA82B1B0BC99AFA8D6EFDCDBB1169A4D5FE263B9E2E48409F9D4B783F33A93B5DAD5FB0802EA42651385D76AAC4CBEF553B1333C6D41FE70C0600D97E0FAEEBACCD2E019CBABC03200E725A86ABD1595A516EB960A39E7C04AFDA94B8CBCE213B32AE82D53FFFE5B11142C9135B5373F3079E97FFA62D47AD00A869C5AB39D0FB747F075856E5B61B4F616514145074E49F85697E8E2854C5DF8C072F7EA93DDFEFEF9309A9809B707DF5B7FEBB6B7F76E27BB58A18C6BAE8685F6D659575011C765A2A64A8457C141A975AB70B7AAD39203DF4E261FE034C7A8367989294AE60EE1CA8FCE22458FDF45D1F23CB9FB2F2B9EE978FFE533B3C31F0FA62E72AEDC65E7616F55C549AEC6A626E9A9279ED4D5DDB665FD7F0F10CE4403552B4E105DF1682779DFDD8B9D9B0F2E752E7A7EB547B39D2E9DEEF5691837FE9AC9369DA8BF9EB677EFA6205FD1850142C2A9D892F2AEA422E4E2B7DC005CCD2C7009A6347EDA046383B19134A60EE479AD42B0F362126EDD5833EBD6F9690A0FDE4749919073C9D5D9896CFCCFEE3FD4F993ED3B2FB7F65F0A9E1722EFF7FBD4EF472AA8056A6272527CE6EF3E0DB98C5125CF7DDE4F9CC334B7D8A406AAE12FEE8FD5EBBF30BFF291834BAB973F786A9E66BBA12E78B07193113CF61B64421F9E1AA2A65723BF7F947647F753432D033BDB1469F721F8BBD0A5212234CE8356E9BA1254433862E00A8C45739EC0698F9137BE138E71084108CFD87A542CCF51347794A8E152B1E3A2D5E3FD913F3D321DFC8D226F79A811A48EEBF56CC78E8B3C8F2CCBCA9E79FAE962F79E3D4512C76AB5B38A00EDE533E53BDEF98E2D0D6979D035EE5DEEFDEAB3CBDDCBEF3C3947CB004913ADAE6F45209AC474615DD1760C4D2E025AB177D233BE47BBE24769AC982687A7531ABE4E310A1C93C3C20B0E7F35C06A5D5516D5F037E62BBC80DCD628D9C3A365BE008774BB14AD1EC1AFFB2476EDA267DB17D14C77ECCB6E577E7A6A7B4DD61B8D91A05EEB38AE955B96AD20CB72B6D8C9A929B5636A92E8851348DFB25C015F04C67031368FA17C1AA0D698073986876361CE1A465474E94803AAA746025CEA607847D6081D745E438BE921DA591CA62675F4AAC40CB2C88243CBFB3865C8F5B4D0A869AA9D99A608CDAF08440338BF00166A79600BD0087E977697298547AB4D8CD0C9FA047DA2D3A2FF7DB8457B4727BFFBBD7B6BE91E499F1AB69D053EBF0D6D6B5952A5599EB5FD20AFD57C9DA528D4B9832AC5B903AB36F568B688FBFEED2F3CF0838FA45963F2A2DDD4C20573DD932C4C31312E9C2E82C4BA722820AEF7E7448DB2B9DE0FA02B8F66E932EA66DB695C9DA0ED62866A36E27D84BDCAB128AF31C08906992DB8E042B59C73B0AEB65611D449D49B9422E0C8033012A840D5B7D1FF99B3E8632702BA37F4F0BEA4D9B01F0C8FB6DE2B6AFED8AB8AF4E33B5DF74826ED000A2B751C3B715D17EE8B6B38F59850E76CB5626B2C363F11E6EA3D1FFBF487EE7FF0E0EFD2783BF891C96DB4BFDDA46FCC9C265799792B017EBDAEE1D09E6DA3BAF4DDF3C07FB0627EAE6700F0FB93914B5F5F68D1A387A7E99A6D0D7ADF356334DC88F07B381191EB823AA92BBB412C8A0B3A6A54C0FA7344551142657E8CED3A2D2EBBF41777CDD09FADDAB450AF516BA406AC6B14E2BB6E9F5F01DD3A6F99CFD5C8CD94FCD70BEAF2F15448175C6AE779610D4490E79EE82F4BE1CF0BD82797FAEAFBFEE8531F387C78E623D40802EAF4E88B5FFD06DDF496EBE90442D7C5D5AEE647B6CCD76E1BA1A0D1D405C15DBCDFED75295C5DA513A7E6E88EA70ED263A71768866B59E1896F9BF3296BB6E886C91150469F9AB582EABE20DF377367058EE16C99595968511F6AA2DFE7BA30979EEC25F4D139F4F84893465A4D92354EFA38E461A42CC0DABFB11AD2C448EB9A8F9D9CFFB9F78EE5BF7DFDB6E683FDACB0B88FC5198B1F5E2EB99E1FB0FA4B7FE6135FF9A1C34F9FF83D6AD46A461F483A75E8241D6835E8EAABF6D17D51422B718FAE4410F086DD1394A4092D2E2ED2FCFC3CC05DD5F1FDA3878ED05FDDF320D5E134862727A859AF03B08C3E776C862E688F52C319A685F954AF7B55E5A421275B385963DB422F98711D4981EFA37974D75C97D2E12635700D0CAA74ACB5491CCD5B501A0DF0EB734A5DF197332B3F37EC393F7F41E03C11156B2EF13C9D97FD2275052FF2F18F3E70E8AD773C7EF83FC3949AEB792DA917B23DF5C841589947974C8DD0FDBD1EBD617B9B961245479F7D8E8670480DFDE00111C81ACAF099A0354C8D769B6A689C526CE0540761D59F3F728C3E70E33514802AD2CC68559DE1E2C429ACD6864EE59A570F11968B4E9D4F72BAB79FE9248F1598D5345C34CA3E4FC0B9ED6B04F4E6D1162D2F77C0FF059D26EBBA3F99EDFCCA4F4FB5FEE55EDF3EDAC7E812C282F3CA955E02FA4AA882DAAFFFF5D9C95915BBA2A5CE6F51928DEB6AE0C15EE09B87A3B9FFBEC7E96DDFF52ABA7874883E37B344B73EFC14BD23EBD2F75D770935879AD40F436D811D80ABD8C3230A13B03A9B0BDD78820F6AE21F9E39447BEA017DEFB557ADADB2D16685E399CB2486B78361EE82B31DC4FF7F7B6A86A6E1D4BC5A5D3BB7544F410ADA06CBBD6AB84E378F0E930307F8D8625717E40D41A7CE15F496BF9C0F7FF627279A3F3FE6D869814E732498214E94B4ACAD0736E24502673465747D96FF3A1CCEAB75D5DF20A86596DFDF3946ADC9513AC11348904FCF75636A00EC5ACD2168480A40C7551D966D41B3720604FCC78F0EE7C378E28F2D6A79953EF1D57BE8DAC9ED74D9251782398AD2622D5DB8CC370E610F8BB5C1D55DFA6A37A310E76E380E65A08B89668DAE1C6EC07106B41706D0527C7E979CED2D7A7CB94F393B52B49369F1FE3B57D37BDE37E1FD799995CBEDC03B2F2D7B768E0DFC33BF9FE5DF0FD87F44174A0C7E2F0F5584A77B2FBF906A53DBA8839E3FD14304D50939EEA61AC06839826AE0D03A6E5E909907E9863C5BBA8A8EEC91B5B44C1C4AB292E89C5EA40052EDC6DD933473E2799A9A98A0A91D531A745D57006BB37939272CDD8AFA74F752971EC1EDD4F17A0C547329F33C40DC0BFEAD21AC0BF4FA069B1069D1650844723C3FB41AE9B9315B16DE23FDE4C3D7C4EAE14B3DF158894BFE8A50C11997262200C0BFBF04D2B23780CA240650AF7DDDD5648DB7E9D0CA2AA5E03AABF492113AC1C62DB470A37528032E2A66CA603DBB0850E1CDA883E19CA59055904829EF2100D5F0DECB2EA4B75D74017510493DF4D043705236EDDAB30703C5582BB73C8AE8D98545BAB55F50175CFB1DE0D0D7E1FCE3E8A0063C92E472239C93270FEDAAE1D6AE1DF1890B3F4FE13A7D5C6927C92EF9E4E9D59FF9859D433FEB9A9C99381F75707660E5197E55E41F440874ED0B2A18F0FAA26B2FA6B1BD93F400C2D9944BDB4599871718DA5CD70A0BAE2152AAE3268300A21D9DC1B5A7BBA6A6740D2BCDCC520847A7537C08636FF98E1BE8075E73031C5CA44DA7830EB8EFFE07B413BB60EF6E50806DEAE6F0993B6345F7E69063E0CD05744EA2676D52E2B23ECB75CB88C858B96599F95BDE54E62A801BCF4794E05A6CE1D0629CBCF7DEBEBAF54D81F8ECF95AEDD9B30C526E6E97E0727FDC94F30C5200ACB53D443B774DD22C867EAC412DF3D6DC17C214EC79052C03F412783E39E0C000CF11EDD0D1F9C5B213F11DF0D66CBDD7EFDD493FF19D6FA466B3A99D1A07140D9661E880871E7A98EE7EF449EA72D88CCE7A12F7FFDFE643BDA8CE06B027C284EE4E0B5A6E0E99208AAB11CB64CE60D688EF8077A1B868C8D756ECA1D56DAB75FBDCCA4FE3EDD66056626B2DD6B6375BEB3FC1D5EC5D2B405B7BBFA0F6C810B90827BBCB5D0D7A3120055529227937211F5EDF716D1DA30F356DFAC46D77D25D0F1F20E86074CE885E3D87208BDEFDBAD7D26E38AC6E1861F8BB9439B0423B27DF49E874A74B7FF0F0410AE613BA62C776BAAFD7A7C3D0CB9EE3697DCB2AFFB9951E1D86E36A4351E45001392F28D1FBBF146BC5367999927B0D0C7A09DF7B1AC4E003DCA534FFAEDBC3E2DAB7D4E41DE763B5F29B02BBD6AC1D00E947D74A54D446F9C517CE02DEB544494A55D583286792B8ECDDD61CC9FA9387E4129CD5473FFD79228ECEA05F25B42C835BAB376874684873BC2C25956E658AF06B54A3C745400F2CF7E8CF4FCCD1A15E8CEFB5CC2C6E39E4FBA08BA3787FC5AD530AA5922330E1109AAB068BF2CAF8C6FB68A3689736A03284D0CE908BA41E5CECFED88061BF925333E2CD30874B3794AD0F38B92E28A00F39C54E45D7B315E63806B42A1DE0C2630B9D649539CECF7CFD7EBAEB6BF701CC61ED5C5C0C7501B5E04146B5105C54B956559EC056391D4824DD6623A2820E0E10AED6A04F5D585BA1E7B544D9A14253D12C2CB9CBD589783F0185642907194AAFC7AD667B729D9223BA045ED62F632EB6DA9361FCA6FB22B5EF7CE8E0ECC0F2A2D6AA09FAE1B396DC71EC8EF83B04E705F67A27AF2D1FD0938218C6B01A7668CC67DD7E9FFEF8EFFEC1AC6C81855A011AF42D8BF666C9BFDC296C61999EEBCA680E51D5AD454049AD490E222BF08A2E15D2C105552345AD756A84CF71F8AA01E4E779A1D7D0A6905E6B13C2688B9C48466B83A2F46A73D6F059BEF3F9307ECB2B63B142540D1C2F5EF54D1390E0C20E788DA31CF6FE6AB365B330D715810680BFFCD29D74EFDDF712BC935E8FC5D53136148305EEAD4129385CF20950783D56C6DE1D3CF9A558D251A70E810F0DCC2B9775BE40EA028E6AB6DC903BEFA7A568144EAFC12BC7A13034BFEA857B9C7257DADF563C1B96ADE54A5D44C2E0BA52D8F7CFAFBEE9F4FA9A9E2D0496C3394B179A7D5FE925BF690E727E6E594BA1C03291D35A2161513D21CD61D35001BFF3577F6BAAAB11BE0A0F02DF2B4B8FD09175F0305B75026B4E307CD9AABF1166745BEEEBA0C5024D703E8141ADB8BC1C231A5C967A3EBEE70A84D20146064FF728DECB801744A8B57231AD61AB8AA559322BCE9981538EFA70CCF16E78E5A944EF58B7C5C0563460C937EB90FB9B9E4552E7D4023C7082C8C70C290D2E37B59EF5F7618D7FF1F9DBE8E83307CDAE18BCB9181E1D1FB13E8636DB73D33174C2099A3C89E97418D3DFF72D0A5D280A9E2687359B0151183E1F58A5949752F0FAB1362F89A46CE6942E0515D2D1F905D215E142078D59096E52365D1021399831E0227CBE282D34CFBE22CE8B2780F66F38EC6C340E3A585E58C630B24C69B91AAC2D01A800ECE0F3D3F4279FFD023C466C3A0DC1806489C59588B05E9E1DA89705736CAD09ACEDCE1E9C162F1903A8C271D6127BE62B72AABEC4C829887E447ED737C1D1274FEA29200E1078E739BD5C9C672584DE1371CD62E3521DB0F462EA08F1BDCCCD383AF8AB43D3FB92738CBE5E8C632F472FEFD9C0B9677292D2440473B30BBCD11BC0B5CDCAA06AA00AB31CE9E35FBE9D8E3CF54CB97588D04B3775193D6E5E4F2202A03A2C921D4D8650F54837A6CFC5B61EA7AC7F7964A84A6DA8B5A04FCFA9B163BC71FB08BD9615C5D1E3A47AA1A617872D1D9DC6FCCDDF55015B29820A583E9D0B0A4A7966A3DCA7E0F04AEFF288C8DADA0081876AAE2E04422D036AB56B9B29B0D0F981CD46BBBCAACB7BF802932CD59A52576F20383F32374FC71F7D7C60DA5A6AAF2EED4AAF3AA012280B4442393EDB87B57EB9A76841F01A5AC7D40814831B3C9A99DB8C1D23CE71C3C4285D81CE2A0E1F86C5E5E4410B3BCCC93E173CBB3AF9A2E980174297BB516572DD3B6525B0EC80C3524580B4272D532AD5DB3A60F54E97C5C5202431A010CEBEBD115B2DF46C677E85FCE13AADC6E5DB2C9B70E5CFCE9D4288B364CA7E74358BA9AC163A0030E72EC0D1016E4EA5313DD189E88E0480363C5DEB6516DDA90D6CC4E0D43D875E3D35467B923EF50F3F4F9CEC0BDA2D72A0712D8F57903B64B1D6B5CCE290BCDA888ED68B69F4B9F4002AF74EE2522595B123DCF70B0F1C6E02F0970CECEF5FBFF745A7666AB8D95D1BAD75C06ACF042C64D1D2FC326D1B6DEAA16996F108530BCBEB52AB8C99A8B26725ADF0F626B050077AD583F5ADF613FA0C02B2D82E3789B1D73526A9CAC214B5028F6ED83E4A13AB2BD43B760C61AD436E8BB745F5886B7135BF96A0AAD271712D9D2CFDE90B0A7CCB65503CDAF85BD2BCD8F6D462C7CBB774D58C906D90DEEE33246306D6ADAA17C8AE0874902376E70C3F8B7BBD40C3845E67A076B51600E75C6BC079531C7F4F37A54732B656D000F3B096C239E57A35A211FD9C82BC717C84866767A9333DADE7BCDC3AD723F8247D06D5384705BEE7F2A4AC2C2B6149A5011C5C12550617A22CE167C9A6475A5EECE0A4A32DB61258DB1A86A94DAD5968B5D858EF3F22CF3CDDC6B54EAB3D8A3A3D44470D1870B60EE060E4A68A4AE0EA3A2DF6E849B44A01A2B355849C5FEE095328EC581A148EF33931AEA499FEDE86C8EBAA6D43E43E7F82968F9D40F056D779DC0A54E954962A3593C972CD182F85E265464682554924A22A6DC43A3BC731EC0C7901094F892BB5D5D92D098B25DAB9B64795552E42965669B596D9EE6EB3C6809586CB5D0A006C35F9673AC57E410E972AADCBCEA21F520343F049789467388FEE990490585B816F2AB9B70DF1744B9DE4B3876865665627CE6D9E24661DECF966EE0CA072A8AB3BC50C697D71054E96F144A450EBD3B66BEAC56CA7C2C7E669AE3F9717C539EF86FC4D2C16FA264DC43A90721D50BD02303D73420D20C64BAB549BDCA6CB4AF2BC2CBBAC35369AB8AE6D85052599AE3528BA3DEA83CCEEF3DA55464D7F4E957A982D7CA451A34B609DC9934F51343D430D38290B21AEB6528FF5AAAB9D6E8ECF651C5EEB8221A5F56EB564972FC5129BD6F396D0B28AE1590C965CBA745277BCDA6A60ADC9B57D00CED4D88259AFA862732908E820840546DA89E415989BA77A38A4E57DB138A507CD9A72215B7B1CBCDA36450FD6C04A45FCD3AC0574212C357AEA290A8F1EA3FA485B83CA56CA5B9A28DBD16B6E7982305365858D1E0DE85CDBA813764DB212389B060F95DCCB61394F6A327B30256CF9BE5B00AFA9255735FCF51AA9B2B1456595D59E616109DE0B577AE4FADEBA1B7FC1344FA1F3001CB6320DF0F0A3BD9798ADE1CAC570D5B95C9EA404A8C9410C7FB4A0390430FD72035E4783CAA9C31CD7991936D615DE7AB349DE969AD38E42AE1729CA81758B45E9B8348B657AB5373F8ABCB458A5B69863491C329BD7942DB3D6B976ADD966D385330097836705BCF6194115A5A543AFB2B532EFD1E8045CFD5859032B4B4D55E84A967D6DF8D1E79EA3D3DF384001A717B9C3DC1254CB3829CEBB72529B0B31F40E6F9609AD59E89BF92E5196D6CA17D412550AB00B3513EAA55226E700A7B95C98E06C4BE556ACABD074CA7F60F80F36BBDC17E04C56DBE7244A7AB6D95E33FE781211D6AAF56A7BBB0975AB2084132AF88EDDED2152F0FE7300952710390FAB78E83B6CA1864F7561066FA5095295096F34898F2A533C273590F87D61A6DBB93449D2C63958B6589E4158EAF5A1A163965966B6A1284EAA7388BA5E24F292A77115C710B6EC231B00F0068BAC02980672A77C9D979375C94639A5C7554A71372431D4D05B9AEA5DE02B50D79C57622E7B6C97D98A9FC7A5946B4594E3C30D721617E8F4C38F6AAE74E0BC14A494B25C58A8A3CB9378E8F3866729EFC0C1410927D3752188D4BF975CE3C5CC92CBB52A9A1702CB992D41CBAB7D0AFB71C9400503BCAC57476F31C71E8747BD0B57B58F72EB2CD66A957C5B6EC430882C6793BB7DA2A18679CBF35F18A971BE95D75F6DDFBDAE3884D19C43D0A5F5B047F3F73FA4D3912ECF83F96CA99E8EA4B4E78745265C6F5506FF106D66F873ED402EF5023A3EADCDD6BAC6B1E205CE4BCF1AE03C4BB8DE38355B04666623F499320FBE95542062B4DBC0A33FA86B269DCD969A9BE7554B07A6C5B59EE52DF312235784F5420D4BE5BA2E5602CD51B36AA3DC71C3F56AD40221AE3CF204C5BD90DC46D3748CA60047EFD99D325B16665522577BF338B059D4DB0568818B322CBD6F17F715832CCB0D244CAC23D7D37ACAF467374C6811818DA680B53464314B2F9163D37CA3E67DB132CEBF83657E10ED7567B65ABBDCCAB9DCFB2A4B37D2419C98A6777C7FA172D07A78C77E738ECA86E0945AAE459D034F53FFD4697259FFB20270BC9202985B8DA5EACE14A9991FE3E1CF2B6F72CBD080C51B2809BD4BBD254A37C1E04A5A2B6F32D1232C1EC72CC25A57C2FE5A5A92EBC470CE45D2FAE0ECF581112B095CC754B3A6678B5F2AB0ABE8DEDF85AC7935C6864D4EF9B709AAFD55982F9D7279365B7391AFAF7461D3E01B67CE6ABAC68BF31E84696900CCD7937BA106C6AB35463A19DDC2708F0F1FA1F0F96984A8352A3C4F47538A670EF46E48520F06A61AA5873E3EC67359A0031BBA3A6740752991A503019E83D33BCC59B2A40051AE631625382638985F59A5243589735ECB50EE6578489C651778AD22E09CC71B01DDBC6F8CFEC3DB6EA47DB5970E2C03F47F71957F8AF653EB56EB984DC31CF3F70BB4F5D9E52303578D09E650CE1788921FF4863BE5C4135BFBF81E638DDC41F89D5F43408188AA7BF8844E1572CCAF853F4B2AAD00AC75FFC7F358DAAA78D6D5849F3AF1C3A0DA4C03B9B1583D336CC12A73539B50815AED7DC6F9D728A6F9E59E96593CE553988E8AF162F64CE125DFDD62186923F8D83B5F4F37ED68BF1C1DBBE13CBF84E10A2796DFBC669595C5DAF97A52A59A92616F2FCBF223DEE0958F95EBDB92E8ADF2462789B64D944BEB5DBD0489969669F5F031E3C0D849E9ACBF7154956C63CEE64D7ECD3A3A65665EB90C14D7C1259D3980E56D53A5AEA1358577B6CCCA2AF06ACFAACA6684EE9093F32B14F2547C416BD3EE00F7305E1D1DB4D11016AA271BF1B9DF7CDBABE81D97EDA1AB4682971B206CF85940FB0998C2C7A8706E367F86C41900B85CDA5E6C0297EF843996F52A53018636F53A26C7CA12CB2BEB6479CE0B217074F4048ECD8DF797269212A24A721B5E56E5AE303C8D2378D817D24C0E163C13015D60F3F48A51047A0375006A0B23B306A9A04A6B2E4212B2CC52A5532D41E5C787F0CE734620495A85815C32D6D256FFC3D75D48BFF4FA4BCF35F2A2F54539E6E718AEE80300E537F0ADFF1C4D982D97F272EBBB626073C76A454F6A2C96E940967FB3808F0F307446A70C8DB0B7E7228A93735A45983F2565C2E8A24CA658A5EE4D4B716F959BB7F006670599D9884CE4DA2AB3CC0C7D4D05BC5DAA2E55327F24ADDAAE9FBB864B45577A1122ADCCF06C590A959B4D822167E86F0062C1B22BE975E9BAFD3BE90B3F790B8DD9E72BB7D46016CA54B3E0CDE3F8E78390608F00800FE398EDFA8ABC81E337AFB4E521C65C5BE572F9A73D69366728BD32CD2DEA691DF327A4CA65B9E50C435156D3309F9AE5E4A42D4A972C01CCDC92A5150A1D5531B016863E5BA42ED9648BE5705764C69F7207614873AE382D7750AF2627AB697B84C19F2DB2FCCB3C02C7DB4DFA955BBE83DE7DE53E0D6AF61287F9598F79F266FEFB0244FFE6C91E7D656655CFB9CF7763D617112CECF771D3F7C27A7F0157F20E5C954DAE5ADB99685DD0955194DE48DB35BB10F396F0633BD667143A5D331DEEBA03B3C0722D41A2377D101C9EE6BA5AD014D5194DCADCCB25F5D5F016E539531D5DE55A11C87286B892643CD1C80A4294756545A1D67EA73B308C8EA327FEED9EF176CC9DF0DFDF7D13DD72D1FA3E8F2F752F9397B448392F0B1A7EFFF988FEFEF812D53C9BBE3ABD422B732B6C4EEF877EFD208E7AADF9CB4489014A5B6A62E6BA580D0C815FBFFE45083870ECC53796A52765BEA04A8657B3B782D6B6705ACB075BE5946A99F733166A76FA9425A0A20C02AA823A33704A41A5D62B665439C1A99F1754EEF459F0A899BD68EFE4FBDF7DCDFE2FFEF6DBAEA32ED3BDB5BEB49DCAE20E77AB803DD3CFED4B197DF1D802D56A2EBE488DFCDEA3C7DF7D6A66E9DDB8D2EFD1924B4BAD125CA6916100FBC8DD0810F1BBA90BCB2DA2D4461EAF2C560C049B56B94F56153659723DA12A0693AB06E8B5D39C81DA5469734AAD973D992C1B4B47EBE0DBAFD8F7AFFFF47DDFF9D9315FAC5967BF04D77AA581ADAC7753A8AD0EAC646A6635DAF5B5D9A59B3F7AE0F8BB9656C39BA8DF6FC282858EC802B0CE34D4CBE232AC771B9DF14F2489816290CDB9BDEACF2A496B1D4C6B23B034B895AA3C83BFD8500659FA0ED0EFBEF191BB7FFE8DD77CF4A6FD3B1F1BADFB32574512782EAF488D21A713009B5865A95766FE34C396032BCAFC9303BBF3FA09055192FBD07735684B1FF1B55C08236BB6138F3CB5B4BAE733CF2FBCE9D04A78C3A9301C8305B768614EE848AC5E374A414F361603563BE0F9E4370D5A06009503C00E9C63709B8A826843E98C4E49DAE1682D987EFDCEF13BDFB267EAE19DEDA125C579384B24BEE346BE67C735DFE9D73DBB5FF39C7EE0D8FDC07322CF1561202992EB554AEA7C80D5DB42B350EA01CC6E94D5C33809BA71520FA32CE0E7FD280D7A71E6C759EAA749EE4471EAA659EE2DC659E3C94EB8F75837DC37D3E94E9C2E543BCDB3614A625B039B953B141703099C973B31BA01D04DC06EBC3F783FBB33EEB9F37B1BCDC397B55B87DB81D7731C995B689E6DC7816BC7BEE3448167A33900D58EEAFCE83A1AE05AE086781DD67DB75FF7453710BA4229DE5C52FF5280E53F03530391D77BFDACDE8B92DA6A9F0105905152EF460980CD1858582E9E27781EA73EB72861A073BF480B3BCB33A79BAAFA5C128F2CC7596B294D9A8B793E1466990F6D8B8688636DE1C8A65AFC6FBA946DD30AF8176C7CAE6B3BA2BA703A2DDBEA0C39EECAB6C05FAEB9560CF32C1CD74A3CC74A02D7897CBC874700AB418D6AC65A0DB03E83EBF263D8F0F9D1ED3502BBD7F43D802C7A9EC92CC7D515BC185DB0FDF8FD826A613FAF01C84003092BED4569AD0B708DC56A906B0C702F4D4A6033DDA234F5E334F7007290E6B92BA0219B59D175D23CAD6759BF97E66E94E56E8CDF454A79A9505C83E498D59ACA085152032EFF0CB89A8A1BF307BD32BD6BBADEDBC85532F284485C2993C0A1C8571423AAB19655341CA676EAC342BDDC4AD2CC41FF2B74BEA597D743C75A905F3CCBC3994934BD7F9DD9527C7DEB289E5D572699E329DBD77F38A02ABD7D5160B5D4E33A32C4DD05472296905C02A51BBFA7DFD7CF319CA0D8ED1C0DCF21CA73DBBC8666179C17E109502B17969DE87D86B9165BA46EA97A2C1DEE2B0444859DE4CA81DEB4F41E0285E2C6305B6B3549D528336BC9CC7218C17F2C01D7C6DF294586E82B776C91F275B8D24A11DA2AE023B8D4C8C27D389C08C3B1B87E8E31F85A33BE0784AF05020B44D3FADEF47D9829357D6E5ED18FDF2390E67B17A2C4606DBF66F55273055ADE07BC45400D5F28FDCCB1CC9703BC8C2F003790D98ECC5C3B4BDD58A6AE25534F66898BE1E52659E22596E7A7791CE33172F228CE9417A79A7F9D38C9DC24CF9D0454016BB6F19E8D101296A36035FC9CAD069817859E2304A02237C09ACDA2F426031A2BC59DCE37AB816050717D364230CB96B903D05CCB4E1D1BD766DBB83689E756E2BB0E68C02EA9C0AEA8008F0E736D545BE7D6A8E6332D30AFBA219E87A0807E23001DF856AF6611D7EEF44B67F6B25501D3820B1D072EA5A09F6435F02CE821AE750DC732D7FA7D4D0539732C863F5A9A793194837EC4908F18D4B4709314C062F8A72903CA560A20F3C2CE19D88CC1CCAD8C87A31E92BAE92531B9D98C4B036B26071958A18B5EB4B5995195B3F5D9B6E0CE47A71B03E04E77B8C32D2B0598A9EB3AA0031933B83E80F4C0B7705C6B1C5B670706A003061500D7194C800A8043DF13610DEA80CBD506013D671D5BED54C9F9E584E70E0AF278FD1A3BAA7E8A06C0C1B7CCAD06500D2E38143C8BF81C469CC142733C160E00751258695A829A6A60959583ECA025D7790E324E6FE56BB6E4141B0581D073881683CB5420D86A35C83983AA69098FF0FC9923012E807534C036AC970196095B31AB01CFB5F9390066A9C56A00B20B320BA0F73D57C2D951ECA1D9A68234975B19201403D29059BAFC93953C44659CEBBC31CF90385106EB4E0B0701B7C7C31E1EC28F006ACAA0E685069781642AC8195C582A736ACE34C0C35FE5165B6AAE1D8892E59A31B1B1804298E55D065CC51C6873CEABE44A0CFD0C3104036B2CD6B6981E127E444B60BD0C2EBF46939106DB824A70F5725C5EB994E179E695FC1957BAF3CC81D2869FFF27C00074803E74B0E97C130000000049454E44AE426082, 'Cloud1');
INSERT INTO `dataowner` VALUES ('2', 'Mohan', 'Mohan', 'Mohan.123@gmail.com', '9535866270', '#782,4th cross,Rajajinagar', '05/06/1987', 'MALE', '560021', 0xFFD8FFE000104A46494600010100000100010000FFDB0084000906071412100F140F140F101014100F1010151010100F10100F1515171715141516181C2820181B251C141521322125292E2E2E2E171F3338332C37282D2E2D010A0A0A0E0D0E1B10101A2C241D212C2B2C2F2C2C2C372C2D2D2F2F2F2C2C2F2C2C2C2C2C2F2C2F2C2C2C2C2D2C2C2C2C2C2C2C2C2C2D2C2C2C2C2C2C2C2C2C2CFFC000110800CC00CC03012200021101031101FFC4001C0001000203010101000000000000000000000305040607020108FFC4004610000202000206060605090607000000000001020304110506122131511341617181B122324291A1C107527292D1142433537382A2D2E116234362A3F03463748393B2B3FFC4001A010100030101010000000000000000000000020304010506FFC4002411000300020202020203010000000000000001020311042112311441425113223205FFDA000C03010002110311003F00EE200000000000000000001E6CB1453949A5149B6DF0496F6D8079C45F1AE2E764A308259CA526925E2699A67E916A8671C341DF2FAD27B15AEEDD9CBE1DE6A7ADBA7E58B9ED66D509B544386697F88D737F046BC01B0E3B5DF19667958AA5CAA8A5978BCD9553D277CFD7BAF977DB635EECF2309B3EC64016D86C558B8596A7D964D3F32FF47E9CC4432CAD9BEC9BDBF3353AEDC8CCAB17900746C0EB4CB72B611976C1ECBF73E25EE13495767AB2C9F296E672AA34896986D24803A68354D1DA71C724DED47937E4CD97098A8D91CE2FBD75A7DA013000000000000000000000000000000006A7F4898A7D0430F1793C44F2B32E3D043D29AF1F463FBCCDB0E7DAE988CF173E54D3187749E764BE0EBF700734D37A473C44A2BD5AF2AD2EEE3F1F222862F3286CBB6A7297D69397BDE64D55B9005EC6CCCF5B46161EE4F2E7F1CFB8DA7466AF4A493B1BAF3EA51529E5DB9EE446AD4FB2530EBD1535D5397AA9BF82278E0A7D6E0BBE68D863AAD5BF5A77CBBE715E51245AA1473BBEFF00F42AF9105BF1ECD796067F5ABFBE89210B23C9F74A2CBCFEC6D1F5AFFBF1FE53E2D4CA7F5989FBD5FF0021DF91073F82CAEAB4AB87AD9AEFDC6FFA89B738CAD966AB9251867EDEFF0059767567DE6B784D57A60F3CACB1ADEBA47B4BDC924CE8BA2B12ACAA2D249A5B2D2DC935BB72EA47632CD3D23978AA56D996002D2A0000000000000000000000000000721D72C56FD2B2EB53B21F76B8417923AF1C335BAEF474D2EB58DB17BDD601CEE0C963231E2CF6A401B8EA36054E72B65BF6328C3EDBE2FDDE6740A25934CD4350D7E6CDF3B67E491B654CF3F33DDB37E15A845E52D49225D85C915786BB65F6759675CD35B88A7B3AD68F4A0B923EA8A009900656839E56CE3D528EDAEF4F27E6BDC629EF032CAFA9F3DA8FBE2FF03B2F5498A5B968D8C006E3100000000000000000000000000003F3E6BFC9C315A66B6B2DAC4516AEE9460FF03F419C4FE9B346BAB15D3A4FA3C4E195727D4AFA649AF1706BEE300E6584C3CEC96CD7194E5CA2B3F7F233AED078882CE554F2FF002E53F847365CEA5651AAD9F5EDA8F825BBCCD96AB73E266BCEE6B48D118539DB30F50DFE6D2CFF005D3E3D5BA26D9548AAC3E4B3C9259BCDE4B2CDF3F233AA9996DF936CD30B4B458C2464556B5C0AF84C9E33224CB7AB109F1DCC9B32994C961896BFA925445C7E8B36C512FEFA8FDA2F2660C71CBAD12616F52C461F677FF78BC89A7DA20D3D3372001E81800000000000000000000000000001AF6BD6AE2C7E0ADA772B72DBA24FD9B63C33EC7BD3EC66C2003F2EE82B654DB6D17275CD4B29465BA51B23B9A36AA6C379FA46FA3D58D7F94611C6AC6C52E2F66BBD2E0A5CA5D4A5E0FAB2E6983BE6A52AEE8BAAFADB85B096E7192F35DA8C99E34FC8D386FAD1B1A965976A464D5615F19E75C5F23DD76998D08B68584F1B0AB85A4F1B4E12D962AC1D2182AD3EF4A06CCB95866EAEFA58BA572DA97BA2CA57697FA8B5ED622C9F542BCBF7A4D65F08C89E35BB44323D4B37A001E91E780000000000000000000000000000000477CB24CE1BADE93C7625F5F48F7F5EF4B33B8629FA2CE11A7EEDBC4DF25C1DB3CBBB333F23D22EC3EC93465D9C5A7D4D9EB6F26D1574DBB12CD78F71636FA514E3BDF576A321A4C985C4D1B8A885E4D1BC1DD96AAE3EF4C562BCFBD39C3BB33E571D0F50709B385DB7C6D9397EE2DCBC9FBCE69A370F2C45D5D30E33924DFD58FB52F0599DB30D446B842105946118C22B9462B25E468E3CF7B28CF5D6894006C328000000000000000000000000000055696D60A70FBA72DAB3AABAD6D4DF7AF67C72343D63D67C5DD9C609E1AA7D51FD2C976CFABC322C9C755D90AC9326CFAE1AC95D309D709C65887169463E96C67ED4BA977759C92FACCCAEAD979BDF9F1CF8EF3EDF518F990E1A7F46AE25AB4D7D9544945EE1DB1EB5F81EADAC872321A3D19538467BE0F7F5AE063E6D1E36796E67DF4BBC03DF48C3B492AC15B2D9D983CA4F24DB518F8C9BC9789D2353F50A35B85D8B70B66B2957083DAAA0FA9B7EDBF877964E2A7F441E495F6657D1CEAE3A2B77DEB2BED8E518BE35D4F7E5D8DEE6FB9769BA006D9952B48C954E9ED80012380000000000000000000030B4C693861AA9596705BA315EB4E5D518F69D4B7D238DEBB24C7E3ABA20E7749420BADF16F924B7B7D88D3F1BA7EFC5371A36B0F47072DDD34D77FB3E1BFB4AE94ACC5D9D2E21FA2BD482F52B8F25DBCD96708A4B25B91E862E329EEBD9872F25BEA48309A3E10E0B37D727BE4DF6B33254464B2924D769F6289628BD9422931FABB1926EBDCF93E06BF8BD1F2866A49EEF23A04518F8CC2292E064CF86724B966AC19AB1D2A4734B6A316749B5691D0ED36EB59F5ECF5F87E051CEB3E7F263AC55E347BB173967CA4AF551357513AACF71890D93526CFAA8E36573AA49670DEBEC4BFAE65A54AEC2BCF0F2CE1D75CB7D6FBBEABED450685AA546230D29EE57C671CBFCB9FA39F8A4CDDA513DFE33F2C4951E1F2578E56E4CFD0BA76BC42C97A16A5E9572F5976A7ED2ED2D4D174868EDEA75B70B22F38CA2F2927D8CBAD5CD3FD2BE8AFCA3884B77546D8AEB8F6F3447261F1ED7A258F2F974FD9B0000A0B8000000000000000000F8DE5C781CD749639E3714E49BE820DC695D4D75CFBDF9646CFAF9A41D785E8E2F29DEFA2597150F6DFBB7789AFE88C328417FBDC6FE263FCD98B9593F046642092C9703DC4F1267B81B198D12C49A245125895B2C44B124488E24B12A658882EC2A7BD7130B1DABF0B56D38E52E71DD2CFE65BA3270B2C9E4F83F33366C6AD7668C391CBE8D06FD53927E84FEF47E68B1D0DAA69494ADF4DADE9659453F99BCCB0EB91EA15A5C0C2B0427BD1B9E6B6B5B346D7FABA2FC8A6BD99CBE1B2CBDCF349F35995DF49D5E786A9F2BB2F7C25FCA64E8EB36A8A65CEAAE5EF8A66EC0FD9873AF44922A74A60B3CA706E338BDA8C96E7192E0D16F2219A35A32B2D356F4BFE5157A592BA1946D4B9F549763FC4B739ED588FC97155DAB7424FA3B7974727C7C1E4CE8460CD8FC28DD8AFCE4000A8B4000000000000039E6B6DDD36908C17AB4D718AE5B73F4A4FDDB2BC0CC8AC97714D80B3A5C5626C7D7758D7727B31F8245C5AF247B58E7C6264F2325795B6784F792C0C783278B27488227892C4822C9A2CA68B11344962C822C9132B68B113267B4C8933D2656D134CB5C3DB9C573E0C9332BB096E52CB9F999D998F24F8B3663AF2935BFA458E782EEBAB7F092F9916837F9AE1BF635F923235F37E06DEC954FF8D2F998FA1BFE1B0DFB0ABFF445BC7F6CAB91E9197264523DC991499B518D95DA629DAADF71B4EABE29D984A24F7C941425CDCA1E8E6FBF2CFC4D731CFD065AEA13FCCF7FEBAECBBB68A794BFAA65FC67FD9A36300180DA0000000000871B76C5564FEAC273FBA9BF913157AD13CB058CFF00A7B97BE0D7CCECADB48E37A4683AA75E54E6F8BCBC8B6C4BDC8C3D5E865447B7332716F81EEAFF00478AFD1F20C9A2CC68B26832548E2664C592C598F164B1652D162664459EE2C82323DA656D134C9D33D6642A47ADA21A27B25532CE166693E68A7DA3330967A3972667CF3D6CBF0577A2BB5E25F985FDF4FF00F5811E01654D2B9555AFE1435D5E781B97374AFF005207AAF7462B924BE0738CBB67792FD1EA4C8E4C4A44564F25BCDC918DB3074CDFB35BEE36CD54C2BAB074464B29386DCB9A737B593F7E5E069985C3BC662A15C7F4716A773EA504FD5EF7C3DE74931F2EFD49AF8B1EE8000C66B000000000052EB9CB2C062DFF00CA6BDED22E8C7D218385D55955AB384E2E3259E4F27C99297A699CA5B4D1A0E80967443C49B1DD454E3305768DB36679D98793F42CCBD17D92FAB2F333658D8D904E3C791EE636A9AA5E8F1724B9E99EE2C962CC58C89A322DA456999519124646346449191534589992A47B5231D48F6A456D134CC8523EED10291EB688F892D936D13E12CDEFB8C2DA3DD3665245796770CB3156AD1E759DED61DC7EB5B42FF562FE41C88B4EDC957072E1D341BF04E5F22B68BEEC43CB0D5CA6BEB7AB5AFDE7B8A38DA52DB2EE46DD248CEC462A315BD98384A2EC649C695B35A794ED927B0B9A5F59F6179A3753D66A58C9F4AFF570CD56BBDF197C0DA6AAD4528C528C52C928A4925C9247727297A918F8DF7461E88D175E1AB50A976CE4FD69CBAE5266700626F7DB35A5A0003874000000000000023BE98CE328CE319C24B29464938B5DA99A6695D44DEE782B3A37C7A2B33956FECCB8C7C73F03770598F2D43DCB2178E6D6A91CA31346270FFA7A6C515ED417490EFCE3C3C4F387D2F09706BDE75930B19A228B7376D354DBE2E508ED7BF89B67FE83FC9192B84BF1673F86363CC9E1898F3366BB533072FF0009C7EC4E71F990FF006270CB874EBFEEC9F9967CE87F4CAFE1DAFB291621731F96C79978F52F0DCEFF00FCAC92BD4BC22F62C7F6ADB1FCC8BE647E99D5C4BFD9AE4B494175A31E7A7619E51F4A5D496F6FC11BB53AB5858F0A2A7F696DF9963461E105957184172845457C0A9F317D22C5C4FDB340A638AB7F4745A973B1744BF8B2659E8ED59C439C277D95C229A6E304EC93ECCF725F13710535C9BAE8BA78F13D980F43D4D25382B327B4BA44A4B6B7ACF2E1D6CCE8C52492C925B925B9247D0672F0000000000000000003FFD9, 'Cloud2');
INSERT INTO `dataowner` VALUES ('3', 'Raju', 'Raju', 'Raju.123@gmail.com', '9535866270', '#892,4th Cross,Vijayangar', '05/06/1987', 'MALE', '560021', 0xFFD8FFE000104A46494600010100000100010000FFDB0084000906070F111010100F110F0F100F1010140F100E1010101110151515171717121415181C2820191A251C171521312127292B2F2E2E171F3338332C37282E2E2B010A0A0A0E0D0E1B10101A31261F24372C2C2C2C2C2F2C2C2C2C2C2C2C2C2C372C2C2C2C2C2C2C2C2C2C2C2C2D2C2C2C2C2C2C2C2C2C2C2C2C2C2C372C2C2C2C2DFFC000110800CC00CC03011100021101031101FFC4001C0001000105010100000000000000000000000302040506070108FFC40042100002010203010D040805030500000000000102030405111321060712314151546171819193D1163252A11422234272A2B1C1335392C2E14362D20815244482FFC4001A010100030101010000000000000000000000020304010506FFC4002E110100020201020208060300000000000000010203110412312132051323334142518114226191A1D15271B1FFDA000C03010002110311003F00EE2000000000000000000000000000000000000000000000000000000000000000058DCE336B4F654AF462D71A75239AEECF32AB67C75EF684E31DE7B42CDEEAF0F5FF00B34FF33FD8AFF1783FCA12F5193E8928EE96C64F28DCD1EF9707F53B1CAC333A8B41387247C193A556335C284A338BE2716A49F7A2F89898DC2B9898EEACEB800000000000000000000000000000000D81A5EE8B7774E9374ED546B4D6C751BFB38BEACBDE7F23CCE47A46B4FCB8FC67F86BC5C59B78DBC1A26278DDD5C37AD56724FEE27C187F4AD8795979193279A7FA6DA62A53B431D9142C7A740E09ACEEEAD1970A94E74E5CF0938E7DBCE4E97B527759D396AC5A352DD773FBBF926A9DE2528F16B4164D7E38F2AEB47A7C7F494EFA72FEEC797891DE9FB3A0D0AD19C6338494A3249C65179A69F2A67B15B45A370C331313A95675C0000000000000000000000000000739DDFEEA1CA52B4A12CA0B6579C5FBCFF96BAB9FC0F1B9FCB9999C54FBFF004DFC6C3F3CFD9A31E53680000000000D9F715BA595AD454AABFF00C7A8F6E7FE949FDF5D5CFE26EE172A715BA6DE59FE19B9187AE371DDD5D33E81E63D00000000000000000000000000C3EEB315FA2DA55AABDF6B834BF1CB627DDC7DC51C9CBEAB1CDBE2B70D3AEF10E29C26DE6DE6DED6DF1B7CE7CD4BD55704DB496D6F892E3645D6D982EE5B3CA7739AE55497F73FD8BA98BE32E4CB338B6094EB52D38C630943F86D2C927CCFA9965A9131A7225CFEE28CA1294269C6517934CCB31AF094D18000000EABBDEE2CEB5B694DE73B7CA3B78DC3EEBF935DC7BFE8FCDEB31F4CF78799CAC7D37DC7C5B51BD98000000000000000000000000739DF62F7EB5BD04F925524BF2C7FB8F27D257F2D3EEDBC4AF7B3408F51E536B7DDCC602A94555AAB3AAF6A4FEE2F52EA535E32E4CB622C70476061F74980AB88F0E9E4AB45774D733239317546E3BB916D342B8B79D3938D48CA125C6A4B231CC4C4EA56ED18000706CFBDDDE3A77B18E7F56B42507DABEB45FCB2EF37FA3AFD39B5F566E55778F7F47583E81E60000000000000000000000000E45BE6D5CEFDAF828D28AFCD2FEE3C3F484EF2FD9E8F17C88771785AA951D69ACE149FD5CF89CBFC19695DCEDA1BE96B801EC4EC3929A08B61095175614AB2E0D58466BAD6D5D8C9CD2B68D4C21D531D982B9DC45BC9E709D4A7D59A925E3B7E6516E2567B4A719A545AEE268C649D49CEA25F772514FB4E4712B1DE5DF5B328B75F82C347569414654B2CD45659C7FC11CF8E35B84A966B3B9AA9C1BCB67CD5A1F37915716759AB3FABB9A374976D3E9DE38000000000000000000000000E3DBE545FFDC67FEEA749AF0CBF63C3E7C7B69FB3D1E37BB6D58059AA36F4E1CB970A5DAF694D6350BD913A005502557253C0BAAAE534516C42B957912D23B51244661285B5CD2528CA2F8A49A7DE5368DACACB9D60D64E388D1A4F8E370BC13CF3F031F1E9EDEB5FD56659F6732ECA7D33C80000000000000000000000001A1EF83814AA5C5ADCC5371CE14AB65C8B84DC65E2DAF03CCE7E299D5E3FD4B6716FF2B312864A3D863B46A21AA27C654914802B813AA329E05D55729E05B55729322CD21B473442C9421994D96C31D85615C2C42572D651A54D24FE2A92D99F7473F144F8987796727D3FEABE464D53A7EADB0F558400000000000000000000000058636FEC9F5CA2BE666E5CFB295FC7F790C6D4F751E65BCB0DD5EE88A9300AE04EA8CA7817555CA78175554A6459F04114CAEC9C20994D9642EF07F767F8D9BB89E466E47999035338000000000000000000000000C7E39FC2EC9C3F53372FDD4AFE3FBC863DFBBDC7993E56DF990952C00AE04AAE4A68175554A78B2E857293327B434A26C84A508665565B0BCC1BF86DF3D49FEA6FE27BB64E479D7E69500000000000000000000000002C71A8E742A7524FC1A28E4C6F14ADC13AC90C6D379C51E557CADF3DD0952C00AA04A1C94D065B55729A2CB6255CABCC96D1D299339329421932A94E17F82AFB18BE7727F367A3C68F650C79FCF2BE342900000000000000000000000010DDD3E1539C7E284978A2378DD6612A4EAD12C0594F3847B0F129D9E9DBB92E3213DD287871D7B13B0258B2C8572962CB2250957993DB9A53264665D88415A5926F9932BB4A70CBE171CA8D25FEC4FC76FEE7AD86358E1E7E59DDE5745AAC00000000000000000000000000D668C7832AB0F86A4B2EC7B57EA78978E9C9687A959DD22554D15DA1285245200922C9C4A329132C8942615664B6E69E367265DD2DAF1FD46971CB24BBDE4427C7C128F06C94A39452E649781EDC46A34F2E6772A8EB80000000000000000000000000062712C324E4EAD17F5DE5C284BDD9E5CCF9198F91C5EB9EAAF769C39FA63A6DD98EA75F36E324E135C7096C7FE4F3A7713AB776D8D4C6E15344261D7871D7B16761C94899389474AB325B7348ABD78C13949E491199D3B10BAC3B0F94DC6AD659456DA74FF494BAFA8DDC7E37CF7FB432E6CFF2D59A37B20000000000000000000000000000006BFBA48A954A30E292539392D924B896DEDFD0F3B9F31F961B78913A9963F5A70FE27D68FC715B57E2479FB6BD2E2135259C5A6B9D015015264A25C435AED27C18AE1CFE15C9DAF90751A413B67252751F0A4E2F25F763B393D48CF8A4D9707ABC3B7A32E5E0453ED5B1FCD1EE60B7563ACBCACB1ABCC2F0B5580000000000000000000000000003C934966F625C6DF201ABCEAEAD5A95791FD5A7F863CBDEF367899F27ACC932F53153A2910ACA562DA768B3CE0DD3973C789F6AE21A776F3EDD7F2E7D7B62FC0789E0695597BF3515CD4FFE4C09A8D18C56515973F3BED61C4806437372FB2943F97526976379AFD4F5B856DE3D7D183951F9F6CB1AD98000000000000000000001658862F6B6E9CABD7A345478DD5A90865E2C0D5311DF5F07A59A856A97725F76CE94EAE7D937943F301AFDE6FC1565B2D70E9AE695DD68535FD30CD8180BDDDF6375B8AE2DED239F15B5153965CDC3AB9FC90185FA4579548D5B8BABCB99424A4957AF51C363CF2E027C14BAB2236AF55661DACEA76EB380E230AF4632865B164D731E1DE934B74CBD5ADA2D1B864882400024A14B84FA8B31D3AA50BDBA60AF96792E41935BD43B4DEBC5136569397EEC6FE72BA72B7B8B9B7705970ADAB4E967DAA2F6F79EAF0A935A6E7E2C1C9B6EDAFA20B2DD9635472E0DF2AF14B642EE8539F8CE1C1978B66C66672CF7D9BF865F48B2A15D2F7A56D59D393EC8CD7EE066ECB7E2B16D2B8B7BEB57CB29528D5A6BBE9C9CBF281B1E19BBDC22E32D2BDB7727C50A92D29FF4CF27F20360A35E1359C2519AE78494978A02400000000006AFBBADDA50C32945C93AD7357356F6F0694A6D7DE93FBB05CAC0E2D8B6E8F12BC94A773795E9C65C56F69527428C57C3945E73ED798188565473CDC14E5F1556EA4BC659817519A5C592EC03DD501A803500C96078ED4B5A8A5179C5FBD1E46519F04658FD56E2CB349FD1D4306C7A85CC538492972C1EC68F27262B639D5A1E852F5BC6E1952B4C0248D5C9648B22FA8D42135DCEE56F5EBC609CA72515CADBC88774DA46E9F7691CA54AD9E6DEC73E45D86CC1C49B78DFB3365E4447857BB449566DB6DE6DED6DF29EA446981E6A00D401AA045569D39FBF084BF1453FD40A6D612A3253B5AB5AD6A45E71950A93824FAE39E4D7565B40EC1BDBEF84EF25F42BD5185E462DD3A915953BA8AE3715F766B963DE80E880000002CB19C4E95ADBD6B9ACF2A7429CA73CB8DA4B8975BE25DA07CCF8862D5AF2E2ADEDC7F16BBD91CDB5469AF769473E44BC5E6045AA035406A80D501AA035006A015D2BA941A9424E2D7138B699C9AC4C6A5D8998ECD82C37717B4924E6AA25F1ED7E265B70F1CF6F05F5E4DE3BB271DF26BF2D283EF7E857F818FF0024FF00173F45B5CEF87772D9150875ADAC957834F8CB93CAB7C21AFDFE357159E756ACE5D59BCBC0D34C34A796145B25ADDE565A85881A8035006A00D401A803540A675669C6A529BA75A9494E8D48EC709AE2607D19B85DD24711B2A572928D4CB815E0BFD3AB1D938F667B5753406C000001C8B7FCC6DA8DAE1F07B2B375EE3AE9D379420FA9CB37FF00C7581C9F540F35406A80D501AA035406A80D501AA035406A80D501AA035406A00D401A8035006A00D401A806F1BCC63DF47C4656D27F638847626DE51AF4D669AE6E14735D792E603BF000007CBFBE3E31F4AC5AF2A279C694FE8F4FB296C97E6E101AEEA00D401A8035006A00D401A8035006A00D401AA035406A80D501AA035406A80D501AA079AA035002B99C1C6AD26E3568CE35294971C67079A7F203EB2DCF62B0BCB5B7BA87BB5E942797C2DADB1EE79AEE0322063F743892B5B4B9B9965950A3527B789B8C5B4BBDE480F8FA9D57966DB6DE6E4DBCDB6F6B6DF3815EA81E6A80D401A8035006A00D401A8035006A00D401A8035006A00D401A8035006A00D501AA035406A81DCBFE9EF1ED4B7B8B093FAD6D35528F5D3A99E697E192FCE80EBA0681BF7AB9784568DB42534E70FA438BDB0A31CE52965CAB3514FA9B7C807CC7AA035006A00D401A8035006A00D401A8035006A00D401A8035006A00D401A8035006A00D401A8035006A01B96F418857A58BDB3A14E75751BA75A34D67952971CDF328BC9E7D407D52078D01C577C6DE635272B9C2B81072CDD4B479422DF3D27C4BF0BD9CCF900E533DC2E2E9B4EC2EF34DA7951935E2B6303CF61F16E8179E4CFD007B0F8B740BCF267E803D87C5BA05E7933F401EC3E2DD02F3C99FA00F61F16E8179E4CFD007B0F8B740BCF267E803D87C5BA05E7933F401EC3E2DD02F3C99FA00F61F16E8179E4CFD007B0F8B740BCF267E803D87C5BA05E7933F401EC3E2DD02F3C99FA00F61F16E8179E4CFD007B0F8B740BCF267E803D87C5BA05E7933F401EC3E2DD02F3C99FA00F61F16E8179E4CFD007B0F8B740BCF267E803D87C5BA05E7933F401EC3E2DD02F3C99FA019BDCDEF4F8B5DCD29D17694B3FAD56E570725CBC187BD27E1DA07D0BB8BDC75A617474ADA39CE496B57925A955AE56F9171E4B8901B1000000000000000000000000000000000000000000000007FFFD9, 'Cloud1');
INSERT INTO `dataowner` VALUES ('4', 'Manjunath', 'Manjunath', 'tmksmanju13@gmail.com', '9535866270', '#7827,4th Cross,Malleshwaram', '05/06/1987', 'MALE', '560021', 0xFFD8FFE000104A46494600010101006000600000FFDB004300080606070605080707070909080A0C140D0C0B0B0C1912130F141D1A1F1E1D1A1C1C20242E2720222C231C1C2837292C30313434341F27393D38323C2E333432FFDB0043010909090C0B0C180D0D1832211C213232323232323232323232323232323232323232323232323232323232323232323232323232323232323232323232323232FFC0001108008F006A03012200021101031101FFC4001F0000010501010101010100000000000000000102030405060708090A0BFFC400B5100002010303020403050504040000017D01020300041105122131410613516107227114328191A1082342B1C11552D1F02433627282090A161718191A25262728292A3435363738393A434445464748494A535455565758595A636465666768696A737475767778797A838485868788898A92939495969798999AA2A3A4A5A6A7A8A9AAB2B3B4B5B6B7B8B9BAC2C3C4C5C6C7C8C9CAD2D3D4D5D6D7D8D9DAE1E2E3E4E5E6E7E8E9EAF1F2F3F4F5F6F7F8F9FAFFC4001F0100030101010101010101010000000000000102030405060708090A0BFFC400B51100020102040403040705040400010277000102031104052131061241510761711322328108144291A1B1C109233352F0156272D10A162434E125F11718191A262728292A35363738393A434445464748494A535455565758595A636465666768696A737475767778797A82838485868788898A92939495969798999AA2A3A4A5A6A7A8A9AAB2B3B4B5B6B7B8B9BAC2C3C4C5C6C7C8C9CAD2D3D4D5D6D7D8D9DAE2E3E4E5E6E7E8E9EAF2F3F4F5F6F7F8F9FAFFDA000C03010002110311003F00F7FA28ACFD6758B6D0F4E92F6E9B08BC051D58F60294A4A2AEF61A4DBB226BED42D74EB57B8BB9962897AB31C7E55E7BABFC4F3B9A3D22D5703812CFDFDC28AE3B5EF10DEF882F0CD72E4443FD5C2A7E541FE3EF5935E0627339C9F2D2D11E952C1C52BCF566EDDF8C75FBC277EA32A83DA3C20FD2B325D4EFE63992F6E58FBCA4FF005AAB4579B2AD525F149B3AD422B644EB7D769F76EA71F4908ABD6DE26D6AD08316A77231D99F70FD6B2A8A4AACE3B30718BDD1DC69BF13753B770B7F0C5751F72A363FE9C57A0E85E25D375F8B75A4D89547CF0BF0EBF8771EE2BC1AAC595ECFA7DE45756D218E68CE5587F23ED5DF87CCAAD3769BBA39EAE12125EEE8CFA2C1CD159FA1EA2BAB68D6B7C060CA80B01D9BB8FCEB42BE8E325249A3CA6ACECC28A28A6210F4AF16F1D6BC758D71E18DC9B5B52638C0E85BB9FCFF004AF55F126A1FD97E1DBEBB1F7922213FDE3C0FD4D781312CC493924E49AF1F36ACD254975D4EFC153BB7362514E44791D5114B3370001D6B7ECBC1DA8DD20794A5B83D03F27F215E0BD0F44E7A8AE9AEBC13A84285A19629B8CE07CA7F5AE7AE2DA7B494C57113C4E3B30A3715C8A8A28A0614AAACEC1541662700019CD2C71BCAE12342EEDC0551926BADD1743365B6E6E00F3C72ABFDCFFEBD2BD8A8C5C9D91D17C38F102CB6E7449C05962CB427FBCBDC7D41AF421D2BC4F570FA27886DB55B41B44844A3D3703F30FC7FAD7B2D9DD4779670DCC47292A0753EC457D265988F694F91EEBF23C8C5D2E49F32EA4F451457A6721C9FC4672BE0F98038DD2A0FD6BC65119DC2282598E001DCD7B0FC49CFFC226D81C79D1FF3AF3DF09D8ADD6A125C38CAC0BB80FF0068F4AF9CCD5FEFFE47AB82FE1FCCE8F40D0E2D321596450D72C396233B7D857408706AAA354CAD5E3B773B25127619AAB75A75ADF4463B985645EC48E47D3D2AC87E282F45D99EA72577E0680BE6DAEDE307F8645DD8FC6AB2782555879B7B91DF627F8D764CD50B9A7CCCB8A332CF49B3D397F7110DDDDDB963F8D4AF5339A81B934B73AA0AC6678960137877CDC7CD04C0E7D88C7F85763F0FAE8DC784AD558E5A1668FF000078FD0D72FAD8C785AF0B742CB8FCC56DFC31CFFC2372E7A7DA1B1F90AF5F296D56B791E5E3D2E57EA76D451457D21E4995E24B05D47C3B7D6C5433342C501FEF0191FAD799781A450D7B6EC3E760ADFCFF00C6BD85865706BC6353B73E13F1B311916CEC5D47AC6DFE1FD2BC5CDA95D46A2F43BF053DE0755CA3106A456A2751222CF1F2A46723B8A803D7CFB563D75EF2B96C3D05EABEFA37D48B9094BD44CD4D2F51B3D054600ED5175A5CE6ACDA41E6BEF6FBABD07AD34AE68DA8ABB31FC5D37D9B408ADFF8A5901C7D393FD2BAFF0000DA9B4F08DA1618698B4BF813C7E98AF3DD55A4F12F8B20D3EDBE68D5BCB0579039F99BFCFA57B2DB4096D6B14110C471A05503B002BDECA693E6753E478B8D9E8A3DF525A28A2BDD3CE02335CCF8CFC3835ED2FF007200BC87E689BD7D57F1AE94F4AE0FC53E229EEEF8E85A5BED6E971303F7477507F9D72636AD2A745BABB1955C52C3253EBD1776737E18D77C9FF895DEB6D2A4AC6CDD8FF74D74B3DB1CEF8FA7715CF6A1E13B77B44FB236DB941CB31E1FEBE86A9E9FE24BBD21FEC5AA4323A2F018FDE51FD457C842A42AEC7B783C5AAB1525A3EA8E8CB107041A3754F6BA8E9FA9A66199243D769E187E153B59C479191F8D37167A2AB47AA281634DEA6B405945DCB67EB4C9E7B2D3D37CF2C51FA6E3CFE5472B1BAD15B0C86D198867F9573D3D6B27C4BAF47636ED6166DFE90E30597FE598FF001AA7A878AE6BD7167A3C321773B43EDF99BE83FAD4965E1692C254B9D5086B971BC459CEDCFF0078F735724E1073B688E1C562A34E3CF3FB87783A787C39786E754B578FED0A152E3A88C1F51DB3C57ABC5324D1AC91BABA30C8653904579F49B65565914321182A4704545A4EAF2F866F12191D9F4A99B00139301F6F6AEDCAB35516A8D5565D19F2D2C74FDA3955778BFC3FE07E47A5514C8DD6440EA772B0C823B8A7D7D49DE73FE2FD77FB13439248FF00E3E25FDDC5EC4F7FC2B82F0D42238669DF995DB049FCFF00AD49E3EBF37BE258ECC3662B651C7FB4793FD2ABE8B701049093C93B87BF6AF8FCEB10EAD5705B23E7AAD7F6B8C6DED1D17AF53A032557BAB7B7BC8F65C44B22FBF51F43DA99E67BD2799EF5E1AD354752AAE2EE998B37856179435BDD345CFF0018DD8FC7AD5E4F07F8AA2453697F1CB19190C939C63F1156FCCF7AD4D1F5A363208E624DBB1E475DBEF5E9E06BD273E4C46CFAF63D1C3E69562F966EE8E7E5F0A78C1A27325CE76A93B44FC9F618AF3C6D4956F4ADCC32E55B1206386FD6BE954659230EA4156190457937C45B7D2878BF4C45B58DAE5BF7974A1B6F98B9E01F73835F435B2EA54E2A70FC4FAAC9AB52AF59D3AF0E6D1B56E963ADF87B6B6BFF0008E457915A089E46702465C33AE7826A3F10CD9D59D7FB8A07F9FCEBA8D36E2D6E6C2292CF68876E1540C6DC76C76C74AE1756B812EAD74E0F1E6103F0E3FA573E776A7848538F7FC91F319B55BC9BB5AEF6EDE433CCAAF7882E6D6589B90CA47F8530C9EF4D925F90F3DABE5568F43C394934D337BE1DEBAF3DB49A45CB665B719889EE9E9F87F5AEEF70AF10B2BB6D1BC4B697AA70A586FF00753C37E95ED81948041041AFB6CAF13ED68D9EE8EBCAEBB9D274E5BC74F9743C3AFE7377E22BF9CFF14AF8FCF1FD2951DA270E870C3A1AAE14A6AD771B751230FF00C7AACE2BE5B10DBA8DB3C0A4DBBBEB766B417CB328070AFE9536FF007AC455356239A45182722B95C3B1DB1ACFA9A45FDE9BE655512E682E7D335362B9CEA3C3FAF7D9255B4B96FF004763F231FE03FE15E67F136566F1DDE12C48558C27B0D83FC6BA3DEDFDDAE4B5E825BED7E50C4B48D6C19327AED1D3F215EDE071939D3FABCB5B6DFE47DAF05632D8D74E7FCAEDF7A3ADF871E2B693544D3E72C1A589F731E8CCA0153F5C023F0153CD3F992BB93F7989FD6BCC74BBD7D3B5282EA36C346E0FE1D0D7A5470EE50C581046462A333AB2946117D2FF00A15C6F84547114E74D6924FEF5FF0002C28627A53B696EB52AC58ED522C7CD7907C528B3035B8F6AC2C38E48AF48D37C440E97685B25BC94CFD768AF3EF11FCB0C0BDCB1AD6B1B39DF4FB6604E0C4A47E42BDCCAAACA09F29851A92A5889F279199E28B33A678C2E948C248E24527D1BFF00AF9A411F7AEE3C7FE1F6D4F4E5BDB64DD736C09200E593B8FC3AD705A65CACC9E539FDE2FAF7158E698674AB37D1EA15A8FB0C4CA9BDA5AA2C08E9E22A9C475208EBCBB9A28102C74F11D4EB1FB54823A9B96A05711D721E32125ADF58DDC4CC8FB58061C608FF00F59AEE847ED515EE9B6FA8DA3DBDCC7BE36FCC1F515B61EB2A551499EBE4D8C580C643112574AE9FA3563C9AF2EA0BA649520586423F7A13EE93EA076FA57A4F872E05E6876D2672C17637D471FE15C8C9E0BBE4D6A3B44CBDB3FCDE7E380BEFEF5E8B63A7C561671DB40BB63418FAFBD7663EBD39C572BBB3EB38AB1F83C4E16953A2F99DEEBC979FF9790A129E23A9C478EA2B2B5AD5A3B089A18CEEB861C63F87DCD79714E4EC8F82A8E34A2E53D8C4D65DAFF574B583E62088D40EEC4FFF00AABD8AD34B82DECE080A67CB8D533F418AE17C01E1A924B9FEDABC421067C80C3EF1FEF57A4EDF6AFB2CA709ECE973496E699561DB52AF516B2DBD071008C62BCEFC55E0793CF6D47455C3FDE78178E7D57FC2BD16908CD7A388C3C2BC79668F431385A788872CFF00E18F15B4D5555CC17A862994E09231CFBFA56CC611D03A30653DC1AEEF56F0D697AD29FB5DBA993B4A9F2B8FC6B90BAF873796B217D2754DA0F2125047EA3FC2BE6B1392558BBD3D51E4CB0B89A3A5B9D796E4023A788EAA4BA4F8AEC09DF1413A8EE1D7FF00AD555EFF0059878934F8B3FF005D07F8D7973C0E221F144875E31F8E2D7C8D81153C4558F1DF6BB301E569D17FDFC5FF001AB71E9FE2EBAE122B7881EFB97FFAF44701889ED12E3888CBE18C9FC8D111F355EE750B3B2199EE114FF77393F9522781FC4179C5EEAF1C4BDC265BF4E2B56C7E1B693010F752CD74DDC13B57F21CFEB5D94B24C44DFBCAC6896267A429DBCDBFD11C7CFAF5DEA327D9348B69199B8DC065BF2ED5D0787FE1F39996F75C6DEF9DC20CE727FDA3DFE95DCD969B69A745E559DBC70A7A22E3356EBDDC26514A8EB2D59B52CB6F253C44B99AE9D10C8E358D02228550300018029D81E82968AF5CF50FFFD9, 'Cloud1');
INSERT INTO `dataowner` VALUES ('5', 'Manjunath', 'Manjunath', 'tmksmanju13@gmail.com', '9535866270', '#72,4th Cross,Rajajianagar', '05/06/1987', 'MALE', '560011', 0xFFD8FFE000104A46494600010100000100010000FFDB00840009060714121212121213101014100F14140F0F15140F0E1410101514171715141514191C28201A1A261B151521312125292B2E2E2E171F3438332C37282D2E2B010A0A0A0E0D0E1A10101B2C241C262C2C2C2C2C2C342C2C372D352C2C332B2C2B342C2C2B2C2C2C2C2C2C2C2C2C2C2C2C2C2C2C2C2C2C2C2C2C2C2C2C2C2C2C2CFFC000110800CC00CC03012200021101031101FFC4001C0001000105010100000000000000000000000502030406070801FFC4004010000103020206060707020603000000000100020304110521123141516171060713228191233252A1B1C1D11442627282B2C292F033637383A2E1082593FFC400190101000301010000000000000000000000000203040105FFC400241101010002010402020301000000000000000102110304122131415113321422B105FFDA000C03010002110311003F00EE288880888808888088A2F1CC7E0A561334D044ED0258C9246C65E4036CB5DAFB402825147E278DD3D35BB79E184BBD50F7B5848DE01CD708C67ADDAFA8696C422A4072BC60BDF6FCEEF905A0D435D23CC9239D23DC6EE91E4BDCE3C5C73283D218E75A187D3B416CBF6A7136ECE0D17B80DE6E40B78AD767EBCE9803A34956E3B013030789D236F25C5A3855CFB35D07509FAF671602CA20C78905DAE9BB46BA2B1BD9C1A0B5F7B6C216E387F5B58648C0E74E607586945235E1C0ED02C2CEE6179EA682CA36A3241EC4C1B1786AE21353C8C9A376A7B4DF31AC11B0F02B39792BA13D2CABC39CF75339BA328F490BC17B1C46A75AF93B885E86E8074EA2C4636B496C754D8EF3D3E6351B17C77D6DCC1E1741B7A222022220222202222022220222202222022220C6C4EBE3A78A49A570647130B9EE3B1A3E6BC958CCE27AAA898191E2599EE63A4377E813DD0790CADBACBBDF5E533DB8759AE01AFA88C482F62E6E6401BF3009E4B8343120A638D65454EAF4312CC8A2418ECA655BA2B0594E202CFC2BA3155592363645246C36D399EC7318C61CEE2F6D2CB5009B1A7D7CA05D47C70E91B95D1FA6FD01661F4AE95F3196496A43206816F4633BB8EFB024DB80DE569B4D064829829D48E058B1A2AA82A5A2FD8C97737DA61043DBE2D256339D6583526E83D774554D9638E58C873258DAF8DC35398E00B48F0215E5A075235AF930C635FAA09648A376F603703C34ADE016FE8088880888808888088880888808888088883927FE4253FA1A396F93277B0B6F977D970EB6FEEDBC4AE4115405DEFAE59AD4913080449502F7B1F55A4AE7186C6D25A4B5A4B7D536197259F979FF001DD69771F0F7FCA270BC2A69B3646403A9EFF46D3CAFAFC149B7A2558E6DC089A7480D12FCED7CDC72D4B6CA3914BD3C8B2FF333B5AFF89848C2E8BF43A1A7B3E5B544B7BE9B877587F037E6735BCC1228382459D14CA58F25B7750CB8E4F118FD38C0062148F87BAD9010F82422FA1234836E4E00B4FE65E79974A373A3782C7C6E2D7B4E45AE191057A584EB47EB0FA1ACAB06A21B32A18DCF609DA06A77E2B6A2B461CB3D567CB8EFC38EB9F7561E156DF2E0AB64775A14BB575037FB254026E0557746EBC6DBAEA2B46EA6F0FECB0E63ED633CAF793BC07680BFF4ADE501111011110111101111011110111101111072DEBBA7B7D8D9B1CE95FE2DD01FCD68F873F52DAFAF093D3D23774521F37347F15A550BD79FD4FED5B7A7F4DAE96552D04CB5CA595494132C2DCD8219965C73283867594C9D4A648DC369813AF86751A2754BAA2D9EE53EF47F1B86D57F8D28FF0039FF00B8AD93A3984090191E3B8D3603DB76EE416AB212E95F6172F99DA3C4979B2E9CC88430B221F71A2E77BB69F3BAF439F97B31927BAC1C3C7DD95B7D44A742F1E921AB8A006F14CFD031EC693A9CDDD9AEBCB8C757D8719EBD8FB1D0A706473B73B5307324F902BB3A9F06FB3CABE5FD8444572B11110111101111011110111101111071BEBCF2A8A43BE07FB9E3EAB46A47AE89D7CD31B514BB1AE9633CDC18E1FB0AE674AF587A89FDAB570D6C14F2A908675070BD66452AC3947A18D4EC53ACA64EA0A29965473AAEAD89813AF8E994789D5A96A9736EEA32267307DD60B6AC9AA32773A47063017B9EEB35A33249D8ACD555AD87AABA6ED6B1D211710444DF73DFDD6FB8BFC968E1E3B96523373673195D0BA1D800A3A70C36323FBD33B7BCEC1C06A53A88BD89249A8F26DDDD8888BAE088880888808888088880888808888351EB530AFB461D3D85DD00ED9BB4FA3CDD6FD3A4B8052BD7AB1ED04107304588DE0AF3474BF043435B2C16B32FA707185D7D1B72B11FA567E7C7736B78B2D5530BD6546F51903D66C6E58328DF864CF63D5F648B0A372BDA6A9B1A31AC874EB167A956659962BDF752C70433E47C9A525767EAAF073051891C2CFA93DA7FB7F73CC67E2B87D6CDA2DCBD6764DF99F05E87E83BEF87D170A489BFD2C0DF92DFD36337B79FCF9EFC2711116C66111101111011110111101111011110111101689D6CF458D5D376D136F3D282E681AE48B5BD9C4E571CB8ADED172CDCD3B2E9E51A79548432ADBFAD5E8AC50C8FA9A6EE8C9D55101DD8DCF360E6EEB93723C76AD1291FA5A883C8DFDCB0F2F1D8D5C79A5E39154E91598A33B8ABAE84DAE72F72CDAF2D532BA63C8E565EED105CEC80F79DC38AAA4AC63721E91DB9BABC5DABC95CA1C31F338176AD83501C82B663A9BAA32CB7753DB069E074AED223F28DC372F42F5787FF005F4E0EB6B5E2DB9BDA3F47DD65CEF03E8C69B9ADB586B79DCDFAEC5D2A8641116803458006586A0D1ABCBEAB574D2E5BCBE10E5E3D63AF94EA222D2C8222202222022220222202222022220222C7ABAD6463BC73D8D19B8F2083214462D8CB6305ACB3A4B736B389E3C147D7E2B249936F1B787AC799D9E0A3D9029CC7ED6E3C7F6B2DA113C73B24BB84E1CC793ACDC6BE7737F05C4717E8FBE099F13C59D1BAD7DE36387022C577DC3DB97EA77C56174ABA2EDAB607B6C2660B35C720F6FB0E3F02A1CD85B8EF1F6B7B65F6E15151C9B1CF1FA9CB320C21EFF58B9DCC92B686E1C58F2C91A58E69CDA4588531414372006DCEE02EBCACBA8CA5D7CB463D2CBF281C23A37A890B75C2706B58340BFB80DE54AE1B81BAC0BC680DDF78F86C536C89AC1668B0F79E655BC5D37272DDE7E2256E1C7E31F35620A76C6DD11FA8EF2AD4A6F90D64D95D95CA9A3B125C7664D3B38AF571C663353D335B6DDD5F639CDF55CE6DB8E5E4725950E2647AE2FF0089B91F2569CD569CC4B2546E32A6E19DAF176907E2398D8AE2D72C41B8241DE322B3A9B14232907EB1F31F450B8AACB8ECF495454C6F0E17041075119AA94558888808888088880B1EA2B18CD673F64667C97CAE9F45B96B390E1C544362FF00B3AEEA58E3B59861BF2BB53893DD937B837EB779EA0A3CC37CCE64EB26E49F159E224EC9592696C927A6108556D8565F66AA0C475814CDB39C373BDC73FAACAACAF8E08CC933C46D1B4EDE006B278056EAE07DF4A3D1D2B58875EDC0F82D37ACDC37470F9647C85D287C7A24DFDACD8C0356449F05D4B0C7BB29115D20EB062925668C4C732378377B417C8D1AC13F74705D1B00AF82785B2D386863B600D6963B6B5C06A217985AE24D8024936B5B6AEE3D5B747A6A3A732C8E25F31BBE006ED6B06AFD7B7DC9663F5E5B7AAC78F1C24C7DFF00ADE9EE58D2B97D3382DD20723B752C704BCD99E2E3A87D571814105C7446DD6770DEB35B158003505729E98306F2759DA4AAC8418D623565F0F25F7B4DF971574B55B73507C2DBAB4E62A8B6DAB24ED378F11F44144523986ED36DE3583CC295A4C45AFC9DDD76ED8791F928C711CFE2B1A607970D7EF5CB8ED1CB095B5228DC0EA7499A24DCB32CF325BB33524ABB34A2CD5D0888B8E08888236BCDDF6F647BCFF6150C6A4A6EE71E2AA6ABA7A69C66A3ED97CD155223AA74534554883E59721EB771DD39DB4AD3DD800749C6570D5E0DB7995D5316AF6D3C32CEFF005618DCF3C6C320389361E2BCD15F5EE9A592579BBA47973B6E64DD4F1F6DFD061FDFBEFC32A81D79631BE46FEE0BD1F870F46CE4BCCF8749E962FF00559FB82F4CE1FF00E1B392EE7769FF00D2CFBB2C4FB0B2F7D117F9ABE05B52FA8AB79A2F842FA882821505AAF2F8420C77355A7356510A9637BDCBE27FBF7A0B6D834799D67E5C9634CD520F0B1656A0B1864DA120DCE163F253ED9C15ACCA2C6FB949B1FA8EF0A19AAE49E76980E5F5615348B3015054FA88A979C8F228229AEBF8ABA1614722BED915CD4BE8AD87AA839054897441CD7AECC6BB3A78E95A7BD50ED27FFA6C3B79BADE4B8BE9AD8BACDC63ED388CEE06ED888863FCB1DEFF00F22E3E2B56D251EE7A3C17B308CCA393D233F3B7E217A87093E899F957952292CE077107DEBD4DD1F7DE08CFE10BB2ED4F5596EC48A222EB208975F2E83EA2A4B9525E82B2A98F6F33EEC9505EAA84F77CFE2505655895AAE97AC79A441873859146FBB470C961CEF59182B0BB4B236B8CF65F6A8E5E90E49E1274C148342B30C1657D56A04211104555E1A4671FF4FD147F6841B1C88D6352D95599E99AFF005803C768F153997DACC7935ED08D955D6CAAE4F84119B1D7E072F7AC39227B3D6691C758F3529655B329598D9147F4971514D49513ED8A17B9A37BED660FEA2154D9968BD73627A144D881CE799A0FE56778FBC04B751393774E22F7924926E49249DE4EB2BE5D7C5F152D9B5575EA3E884BA54909DF1B7E0179697A43ABBA9D2A0A73FE533CED62A787B51CDF0DB1CF3B05FC6CAD3A493D8FF93550D97339EE5576DC558A14174BEC3473217D6C729D658DF3715F7B7E2BE76DC7E483EBAED3626F90CF20A8322B134B9F80568CA8328C8AA8A6CB913F1BFCD61B749DEA82790255E8A86524F748BED3609B3722B7CEB1E49AF90CF705210E0A4FAEEB706FD4A92A6A3647EAB45FDAD67CD46E510BC922228F0773F393BA3D9DA79EE5391441A0068000D402AD142DDAACB2B44445C44444404444044441625A463B5B5BCED62B56E97F5794F8806768F9E23169686839B6BBAD7B87037D416E08894CACF55C5AAFA87D7D957726BE0F8B9AFF00928A9BA8EAC1EAD452BFFF00AB7F8AEFC89A59F9F3FB79D1FD4BE22357D98FFB847F15D43A13D18A9A5A58E194461CC041D17E90D66D9DB7596F68BB2E8CB9B2CBDA08E192FE1F35F461327B4C1E27E8A71177BAA1F92A1DB83BB6BC0E4D27E6AEB7071B5EE3C800A4D13BA9DF9305B854635827992AFC746C1A98DF2BABE8B9BA8F75004445C70444404444044441FFD9, 'Cloud2');
INSERT INTO `migratedfiles` VALUES ('2', 'cloud1', 'cloud2', 'Mohan', 'Attack.jsp', 'PCFET0NUWVBFIGh0bWwgUFVCTElDICItLy9XM0MvL0RURCBYSFRNTCAxLjAgVHJhbnNpdGlvbmFsLy9FTiIgImh0dHA6Ly93d3cudzMub3JnL1RSL3hodG1sMS9EVEQveGh0bWwxLXRyYW5zaXRpb25hbC5kdGQiPg0KPGh0bWwgeG1sbnM9Imh0dHA6Ly93d3cudzMub3JnLzE5OTkveGh0bWwiPg0KPGhlYWQ+DQo8dGl0bGU+QXR0YWNrZXI8L3RpdGxlPg0KPG1ldGEgaHR0cC1lcXVpdj0iY29udGVudC10eXBlIiBjb250ZW50PSJ0ZXh0L2h0bWw7IGNoYXJzZXQ9dXRmLTgiIC8+DQo8bGluayBocmVmPSJsYXlvdXQuY3NzIiByZWw9InN0eWxlc2hlZXQiIHR5cGU9InRleHQvY3NzIiBtZWRpYT0ic2NyZWVuIiAvPg0KPHN0eWxlIHR5cGU9InRleHQvY3NzIj4NCjwhLS0NCi5zdHlsZTQge2NvbG9yOiAjRkZGRkZGOyB9DQouc3R5bGUxOSB7Y29sb3I6ICM2NjY2NjZ9DQotLT4NCjwvc3R5bGU+DQo8L2hlYWQ+DQo8Ym9keT4NCjxkaXYgaWQ9ImhlYWRlciI+DQogIDxkaXYgaWQ9ImxvZ28iPg0KICAgIDxwPiZuYnNwOzwvcD4NCiAgICA8cD4mbmJzcDs8L3A+DQogICAgPHA+Jm5ic3A7PC9wPg0KICAgIDxwPiZuYnNwOzwvcD4NCiAgICA8cD4mbmJzcDs8L3A+DQogICAgPHA+Jm5ic3A7PC9wPg0KICAgIDxoMiBhbGlnbj0iY2VudGVyIiBjbGFzcz0ic3R5bGU0Ij5BdXRoZW50aWNhdGlvbiBhbmQgS2V5IEFncmVlbWVudCBCYXNlZCBvbiBBbm9ueW1vdXMgSWRlbnRpdHkgZm9yIFBlZXIgdG8gUGVlciBDbG91ZDwvaDI+DQogIDwvZGl2Pg0KPC9kaXY+DQo8ZGl2IGlkPSJuYXZpZ2F0aW9uIj4NCiAgPHVsPg0KICAgIDxsaT48YSBocmVmPSJpbmRleC5odG1sIj5Ib21lPC9hPjwvbGk+DQogICAgPGxpPjxhIGhyZWY9InZlcnR1YWxNYXN0ZXJMb2dpbi5qc3AiPk1vYmlsZSBUZXJtaW5hbDwvYT48L2xpPg0KICAgIDxsaT48YSBocmVmPSJkYXRhT3duZXJMb2dpbi5qc3AiPkRhdGFPd25lcjwvYT48L2xpPg0KICAgIDxsaT48YSBocmVmPSJjbG91ZFNlcnZlckxvZ2luLmpzcCI+Q2xvdWRTZXJ2ZXI8L2E+PC9saT4NCiAgICA8bGk+PGEgaHJlZj0iYWJvdXRQcm9qZWN0Lmh0bWwiPkFib3V0UHJvamVjdDwvYT48L2xpPg0KICA8L3VsPg0KPC9kaXY+DQo8ZGl2IGlkPSJjb250ZW50Ij4NCiAgPGRpdiBpZD0icGFnZSI+DQogICAgPGRpdiBpZD0iY29sdW1uMSI+DQogICAgICA8ZGl2IGNsYXNzPSJib3gxIj4NCiAgICAgICAgPGgyPkF0dGFjayBUaGUgRmlsZSAgICA8L2gyPg0KICAgICAgIA0KICAgICAgICA8cD4NCgkJIDwlQCBpbmNsdWRlIGZpbGU9ImNvbm5lY3QuanNwIiAlPg0KIA0KIDwlQCBwYWdlIGltcG9ydCA9ImphdmEuc2VjdXJpdHkuS2V5IiAlPg0KIA0KIDwlQCBwYWdlIGltcG9ydCA9ImphdmF4LmNyeXB0by5DaXBoZXIiICU+IA0KIA0KIDwlQCBwYWdlIGltcG9ydCA9ImphdmEubWF0aC5CaWdJbnRlZ2VyIiAlPg0KIA0KIDwlQCBwYWdlIGltcG9ydCA9ImphdmF4LmNyeXB0by5zcGVjLlNlY3JldEtleVNwZWMiICU+DQogDQogPCVAIHBhZ2UgaW1wb3J0ID0ib3JnLmJvdW5jeWNhc3RsZS51dGlsLmVuY29kZXJzLkJhc2U2NCIgJT4NCiANCiA8JUAgcGFnZSBpbXBvcnQgPSJqYXZhLnNlY3VyaXR5Lk1lc3NhZ2VEaWdlc3QsamF2YS5zZWN1cml0eS5EaWdlc3RJbnB1dFN0cmVhbSIgJT4NCiANCiA8JUAgcGFnZSBpbXBvcnQgPSJqYXZhLmlvLlByaW50U3RyZWFtLGphdmEuaW8uRmlsZU91dHB1dFN0cmVhbSxqYXZhLmlvLkZpbGVJbnB1dFN0cmVhbSxqYXZhLmlvLkJ1ZmZlcmVkSW5wdXRTdHJlYW0iICU+DQogDQogPCVAIHBhZ2UgaW1wb3J0PSJqYXZhLnRleHQuU2ltcGxlRGF0ZUZvcm1hdCxqYXZhLnV0aWwuRGF0ZSIlPg0KDQoJCSAgPCUNCgkJICB0cnkNCgkJICB7DQoJCSAgU3RyaW5nIGlkPShTdHJpbmcpYXBwbGljYXRpb24uZ2V0QXR0cmlidXRlKCJpZCIpOw0KCQkgIFN0cmluZyBvd25lciA9IHJlcXVlc3QuZ2V0UGFyYW1ldGVyKCJ0MyIpOw0KCQkgIFN0cmluZyBjbG91ZCA9IHJlcXVlc3QuZ2V0UGFyYW1ldGVyKCJ0NCIpOw0KCQkgIFN0cmluZyBmbmFtZSA9IHJlcXVlc3QuZ2V0UGFyYW1ldGVyKCJ0MSIpOw0KCQkgIFN0cmluZyBjb250ID0gcmVxdWVzdC5nZXRQYXJhbWV0ZXIoInRleHQiKTsNCgkJICBTdHJpbmcgdGQgPSByZXF1ZXN0LmdldFBhcmFtZXRlcigidDUiKTsNCgkgICAgICBTdHJpbmcgYXR0YWNrZXIgPSByZXF1ZXN0LmdldFBhcmFtZXRlcigidDIiKTsNCgkgICAgIA0KCQkgDQoJICAgICAgDQoJCSAgDQoJCSAgDQoJCSAgDQoJCSAgICBTaW1wbGVEYXRlRm9ybWF0IHNkZkRhdGUgPSBuZXcgU2ltcGxlRGF0ZUZvcm1hdCgiZGQvTU0veXl5eSIpOw0KCQkJU2ltcGxlRGF0ZUZvcm1hdCBzZGZUaW1lID0gbmV3IFNpbXBsZURhdGVGb3JtYXQoIkhIOm1tOnNzIik7DQoNCgkJCURhdGUgbm93ID0gbmV3IERhdGUoKTsNCg0KCQkJU3RyaW5nIHN0ckRhdGUgPSBzZGZEYXRlLmZvcm1hdChub3cpOw0KCQkJU3RyaW5nIHN0clRpbWUgPSBzZGZUaW1lLmZvcm1hdChub3cpOw0KCQkJU3RyaW5nIGR0ID0gc3RyRGF0ZSArICIgIiArIHN0clRpbWU7DQoJCSAgDQoJCSAgCVN0cmluZyBzdHIgPSAidXBkYXRlIHZtZmlsZXMxMSBzZXQgY3Q9JyIrY29udCsiJyxtYWM9JyIrdGQrIicgd2hlcmUgZm5hbWU9JyIrZm5hbWUrIicgICAiOw0KCQkJY29ubmVjdGlvbi5jcmVhdGVTdGF0ZW1lbnQoKS5leGVjdXRlVXBkYXRlKHN0cik7DQoJCQkNCgkJCVN0cmluZyBzdHIxID0gInNlbGVjdCAqIGZyb20gc2VydmVyIHdoZXJlIHVzZXJuYW1lPSciK2Nsb3VkKyInICI7DQoJCQlTdGF0ZW1lbnQgc3QgPSBjb25uZWN0aW9uLmNyZWF0ZVN0YXRlbWVudCgpOw0KCQkJUmVzdWx0U2V0IHJzID0gc3QuZXhlY3V0ZVF1ZXJ5KHN0cjEpOw0KCQkJaWYocnMubmV4dCgpKQ0KCQkJew0KCQkJIGludCBpPXJzLmdldEludCg1KTsNCgkJCSBpbnQgaj1pKzE7DQoJCQkgDQoJCQlTdHJpbmcgc3RyMyA9ICJ1cGRhdGUgc2VydmVyIHNldCBhdHRhY2s9JyIraisiJyB3aGVyZSB1c2VybmFtZT0nIitjbG91ZCsiJyAgICI7DQoJCQljb25uZWN0aW9uLmNyZWF0ZVN0YXRlbWVudCgpLmV4ZWN1dGVVcGRhdGUoc3RyMyk7DQoJCQkNCgkJCQl9DQoJCQkJDQoNCgkJCVN0cmluZyBzdHIyID0gImluc2VydCBpbnRvIGF0dGFja2VyKGlkLG93bmVyLGNsb3VkLGZuYW1lLGNvbnRlbnQsdHJhcGRvb3IsYXR0YWNrZXIsZHQpIHZhbHVlcygnIiArIGlkICsgIicsJyIgKyBvd25lciArICInLCciICsgY2xvdWQgKyAiJywnIiArIGZuYW1lICsgIicsJyIgKyBjb250ICsgIicsJyIgKyB0ZCArICInLCciICsgYXR0YWNrZXIgKyAiJywnIiArIGR0ICsgIicpIjsNCgkJCWNvbm5lY3Rpb24uY3JlYXRlU3RhdGVtZW50KCkuZXhlY3V0ZVVwZGF0ZShzdHIyKTsNCiU+PGgyPkZpbGUgQXR0YWNrZWQ8L2gyPg0KCQkgIDxwPg0KCQkgICAgPCUNCgkJICANCgkJICB9DQoJCSAgY2F0Y2goRXhjZXB0aW9uIGUpDQoJCSAgew0KCQkgIG91dC5wcmludGxuKGUuZ2V0TWVzc2FnZSgpKTsNCgkJICB9DQoJCSAgJT4NCgkgICAgPC9wPg0KCSAgICA8L3A+DQoJCSAgPHAgYWxpZ249InJpZ2h0Ij48YSBocmVmPSJhdHRhY2sxLmpzcCI+QmFjazwvYT4gPC9wPg0KICAgICAgPC9kaXY+DQogICAgPC9kaXY+DQogICAgPGRpdiBpZD0iY29sdW1uMiI+DQogICAgICA8aDI+TWVudTwvaDI+DQogICAgICA8dWw+DQogICAgPGxpPjxhIGhyZWY9ImluZGV4Lmh0bWwiPkhvbWU8L2E+PC9saT4NCiAgICANCiAgICAgIDwvdWw+DQogICAgPC9kaXY+DQogIDwvZGl2Pg0KICA8ZGl2IHN0eWxlPSJjbGVhcjogYm90aDsiPiZuYnNwOzwvZGl2Pg0KPC9kaXY+DQo8ZGl2IGlkPSJmb290ZXIiPg0KICANCjwvZGl2Pg0KPC9ib2R5Pg0KPC9odG1sPg0K', '-33d14396fe4e30404df8494d7cc262670adf5282', '0', '03/09/2020   16:04:46', '[B@9f9761');
INSERT INTO `migratedfiles` VALUES ('4', 'cloud1', 'cloud2', 'Manjunath', 'SearchFile.jsp', 'PCFET0NUWVBFIGh0bWwgUFVCTElDICItLy9XM0MvL0RURCBYSFRNTCAxLjAgVHJhbnNpdGlvbmFsLy9FTiIgImh0dHA6Ly93d3cudzMub3JnL1RSL3hodG1sMS9EVEQveGh0bWwxLXRyYW5zaXRpb25hbC5kdGQiPg0KPGh0bWwgeG1sbnM9Imh0dHA6Ly93d3cudzMub3JnLzE5OTkveGh0bWwiPg0KPGhlYWQ+DQo8dGl0bGU+U2VhcmNoIEZpbGU8L3RpdGxlPg0KPG1ldGEgaHR0cC1lcXVpdj0iY29udGVudC10eXBlIiBjb250ZW50PSJ0ZXh0L2h0bWw7IGNoYXJzZXQ9dXRmLTgiIC8+DQo8bGluayBocmVmPSJsYXlvdXQuY3NzIiByZWw9InN0eWxlc2hlZXQiIHR5cGU9InRleHQvY3NzIiBtZWRpYT0ic2NyZWVuIiAvPg0KPHN0eWxlIHR5cGU9InRleHQvY3NzIj4NCjwhLS0NCi5zdHlsZTQge2NvbG9yOiAjRkZGRkZGOyB9DQouc3R5bGUyMiB7Y29sb3I6ICNGRkZGMDB9DQotLT4NCjwvc3R5bGU+DQo8c2NyaXB0IHR5cGU9J3RleHQvamF2YXNjcmlwdCc+DQogICAgICAgIGZ1bmN0aW9uIHNhdmVUZXh0QXNGaWxlKCkNCnsNCgl2YXIgdGV4dFRvV3JpdGUgPSBkb2N1bWVudC5nZXRFbGVtZW50QnlJZCgidGV4dGFyZWEiKS52YWx1ZTsNCgl2YXIgdGV4dEZpbGVBc0Jsb2IgPSBuZXcgQmxvYihbdGV4dFRvV3JpdGVdLCB7dHlwZTondGV4dC9wbGFpbid9KTsNCgl2YXIgZmlsZU5hbWVUb1NhdmVBcyA9ICJGaWxlLnR4dCI7DQoNCgl2YXIgZG93bmxvYWRMaW5rID0gZG9jdW1lbnQuY3JlYXRlRWxlbWVudCgiYSIpOw0KCWRvd25sb2FkTGluay5kb3dubG9hZCA9IGZpbGVOYW1lVG9TYXZlQXM7DQoJZG93bmxvYWRMaW5rLmlubmVySFRNTCA9ICJEb3dubG9hZCBGaWxlIjsNCglpZiAod2luZG93LndlYmtpdFVSTCAhPSBudWxsKQ0KCXsNCgkJLy8gQ2hyb21lIGFsbG93cyB0aGUgbGluayB0byBiZSBjbGlja2VkDQoJCS8vIHdpdGhvdXQgYWN0dWFsbHkgYWRkaW5nIGl0IHRvIHRoZSBET00uDQoJCWRvd25sb2FkTGluay5ocmVmID0gd2luZG93LndlYmtpdFVSTC5jcmVhdGVPYmplY3RVUkwodGV4dEZpbGVBc0Jsb2IpOw0KCX0NCgllbHNlDQoJew0KCQkvLyBGaXJlZm94IHJlcXVpcmVzIHRoZSBsaW5rIHRvIGJlIGFkZGVkIHRvIHRoZSBET00NCgkJLy8gYmVmb3JlIGl0IGNhbiBiZSBjbGlja2VkLg0KCQlkb3dubG9hZExpbmsuaHJlZiA9IHdpbmRvdy5VUkwuY3JlYXRlT2JqZWN0VVJMKHRleHRGaWxlQXNCbG9iKTsNCgkJZG93bmxvYWRMaW5rLm9uY2xpY2sgPSBkZXN0cm95Q2xpY2tlZEVsZW1lbnQ7DQoJCWRvd25sb2FkTGluay5zdHlsZS5kaXNwbGF5ID0gIm5vbmUiOw0KCQlkb2N1bWVudC5ib2R5LmFwcGVuZENoaWxkKGRvd25sb2FkTGluayk7DQoJfQ0KDQoJZG93bmxvYWRMaW5rLmNsaWNrKCk7DQp9DQoNCmZ1bmN0aW9uIGRlc3Ryb3lDbGlja2VkRWxlbWVudChldmVudCkNCnsNCglkb2N1bWVudC5ib2R5LnJlbW92ZUNoaWxkKGV2ZW50LnRhcmdldCk7DQp9DQo8L3NjcmlwdD4NCjwvaGVhZD4NCjxib2R5Pg0KPGRpdiBpZD0iaGVhZGVyIj4NCiAgPGRpdiBpZD0ibG9nbyI+DQogICAgPHA+Jm5ic3A7PC9wPg0KICAgIDxwPiZuYnNwOzwvcD4NCiAgICA8cD4mbmJzcDs8L3A+DQogICAgPHA+Jm5ic3A7PC9wPg0KICAgIDxwPiZuYnNwOzwvcD4NCiAgICA8cD4mbmJzcDs8L3A+DQogICAgPGgyIGFsaWduPSJjZW50ZXIiIGNsYXNzPSJzdHlsZTQiPkF1dGhlbnRpY2F0aW9uIGFuZCBLZXkgQWdyZWVtZW50IEJhc2VkIG9uIEFub255bW91cyBJZGVudGl0eSBmb3IgUGVlciB0byBQZWVyIENsb3VkPC9oMj4NCiAgPC9kaXY+DQo8L2Rpdj4NCjxkaXYgaWQ9Im5hdmlnYXRpb24iPg0KICA8dWw+DQogICAgPGxpPjxhIGhyZWY9ImluZGV4Lmh0bWwiPkhvbWU8L2E+PC9saT4NCiAgICA8bGk+PGEgaHJlZj0idmVydHVhbE1hc3RlckxvZ2luLmpzcCI+TW9iaWxlIFRlcm1pbmFsPC9hPjwvbGk+DQogICAgPGxpIGNsYXNzPSJhY3RpdmUiPjxhIGhyZWY9ImRhdGFPd25lckxvZ2luLmpzcCIgY2xhc3M9ImZpcnN0Ij5Vc2VyPC9hPjwvbGk+DQogICAgPGxpPjxhIGhyZWY9ImNsb3VkU2VydmVyTG9naW4uanNwIj5DbG91ZFNlcnZlcjwvYT48L2xpPg0KICAgIDxsaT48YSBocmVmPSJhYm91dFByb2plY3QuaHRtbCI+QWJvdXRQcm9qZWN0PC9hPjwvbGk+DQogIDwvdWw+DQo8L2Rpdj4NCjxkaXYgaWQ9ImNvbnRlbnQiPg0KICA8ZGl2IGlkPSJwYWdlIj4NCiAgICA8ZGl2IGlkPSJjb2x1bW4xIj4NCiAgICAgIDxkaXYgY2xhc3M9ImJveDEiPg0KICAgICAgICA8aDI+U2VhcmNoIEZpbGUgPC9oMj4NCiAgICAgICANCiAgIA0KICAgICAgICA8cD4NCgkJDQoJICA8JUAgaW5jbHVkZSBmaWxlID0gImNvbm5lY3QuanNwIiAlPg0KCSAgPCVAIHBhZ2UgaW1wb3J0ID0gImphdmEudXRpbC5EYXRlIiAlPg0KCSAgPCVAIHBhZ2UgaW1wb3J0ID0gImphdmEuc2VjdXJpdHkuS2V5IiAlPg0KCSAgPCVAIHBhZ2UgaW1wb3J0ID0gImphdmEudGV4dC5TaW1wbGVEYXRlRm9ybWF0IiAlPg0KCSAgPCVAIHBhZ2UgaW1wb3J0ID0gIm9yZy5ib3VuY3ljYXN0bGUudXRpbC5lbmNvZGVycy5CYXNlNjQiJT4NCgkgIDwlQCBwYWdlIGltcG9ydCA9ICJqYXZheC5jcnlwdG8uc3BlYy5TZWNyZXRLZXlTcGVjLGphdmF4LmNyeXB0by5DaXBoZXIiICU+DQoJICANCgkgDQoJCSA8JQ0KCQkgIA0KCQkgICAgCXRyeSANCgkJCQl7DQoJCQkNCgkJCQlTdHJpbmcgaWQgPShTdHJpbmcpIGFwcGxpY2F0aW9uLmdldEF0dHJpYnV0ZSgiaWQiKTsNCgkJCQlTdHJpbmcgYSA9IChTdHJpbmcpYXBwbGljYXRpb24uZ2V0QXR0cmlidXRlKCJhIik7DQoJCQkJU3RyaW5nIHQyID0gcmVxdWVzdC5nZXRQYXJhbWV0ZXIoInQyIik7DQogICAgICAgICAgICAgICAgU3RyaW5nIGZpbGUsY3QscmFuazsNCgkJCQlpbnQgaT0wLGo9MDsNCgkJCVN0cmluZyBzdHIgPSAic2VsZWN0ICogZnJvbSB2bWZpbGVzIHdoZXJlIGlkPSciK2lkKyInICI7DQoJCQlTdGF0ZW1lbnQgc3QgPSBjb25uZWN0aW9uLmNyZWF0ZVN0YXRlbWVudCgpOw0KCQkJUmVzdWx0U2V0IHJzID0gc3QuZXhlY3V0ZVF1ZXJ5KHN0cik7DQoJCQl3aGlsZShycy5uZXh0KCkpDQoJCQl7DQoJCQlmaWxlID0gcnMuZ2V0U3RyaW5nKDQpOw0KCQkJY3QgPSBycy5nZXRTdHJpbmcoNSk7DQoJCQkJU3RyaW5nIHNrID0gcnMuZ2V0U3RyaW5nKDkpOw0KCQkJaiA9IHJzLmdldEludCg3KTsNCgkJCQ0KCQkJaSA9IGorMTsNCgkJCQ0KCQkJDQoJCSAgICBTdHJpbmcgZGVjcnlwdGVkVmFsdWUgPSBuZXcgU3RyaW5nKEJhc2U2NC5kZWNvZGUoY3QuZ2V0Qnl0ZXMoKSkpOwkNCgkJCQ0KCQkJU3RyaW5nIHN0cjEgPSAidXBkYXRlIHZtZmlsZXMgc2V0IHJhbms9JyIraSsiJyB3aGVyZSBpZD0nIitpZCsiJyI7DQoJCQljb25uZWN0aW9uLmNyZWF0ZVN0YXRlbWVudCgpLmV4ZWN1dGVVcGRhdGUoc3RyMSk7DQoJCQkJDQoJCWlmKHQyLmVxdWFsc0lnbm9yZUNhc2Uoc2spKQ0KCQl7DQoJCQklPg0KCQkJDQoJCQ0KICAgICAgICA8dGFibGUgd2lkdGg9IjQ3OCIgYm9yZGVyPSIwIiBhbGlnbj0iY2VudGVyIj4NCiAgICAgICAgICAgICAgPHRyPg0KICAgICAgICAgICAgICAgIDx0ZCB3aWR0aD0iMjIzIiBoZWlnaHQ9IjUxIiBiZ2NvbG9yPSIjRkYwMDAwIj48c3BhbiBjbGFzcz0ic3R5bGU1IHN0eWxlMjIiPkVudGVyIEZpbGUgTmFtZSA8L3NwYW4+PC90ZD4NCiAgICAgICAgICAgICAgICA8dGQgd2lkdGg9IjI0NSI+PGxhYmVsPg0KICAgICAgICAgICAgICAgICAgPGlucHV0IHJlcXVpcmVkIG5hbWU9InQxIiB0eXBlPSJ0ZXh0IiB2YWx1ZT0iPCU9ZmlsZSU+IiBzaXplPSI0MCIgLz4NCiAgICAgICAgICAgICAgICA8L2xhYmVsPjwvdGQ+DQogICAgICAgICAgICAgIDwvdHI+DQogICAgICAgICAgICAgDQogICAgICAgICAgICAgIDx0cj4NCiAgICAgICAgICAgICAgICA8dGQgaGVpZ2h0PSIzNSIgYmdjb2xvcj0iI0ZGMDAwMCI+PHNwYW4gY2xhc3M9InN0eWxlNSBzdHlsZTIyIj5GaWxlIENvbnRlbnQ8L3NwYW4+PC90ZD4NCiAgICAgICAgICAgICAgICA8dGQ+PHRleHRhcmVhIG5hbWU9InRleHQiIGlkPSJ0ZXh0YXJlYSIgY29scz0iNDUiIHJvd3M9IjE3Ij48JT1kZWNyeXB0ZWRWYWx1ZSU+PC90ZXh0YXJlYT48L3RkPg0KICAgICAgICAgICAgICA8L3RyPg0KICAgICAgICAgICAgICA8dHI+DQogICAgICAgICAgICAgICAgPHRkPiZuYnNwOzwvdGQ+DQogICAgICAgICAgICAgICAgPHRkPiZuYnNwOzwvdGQ+DQogICAgICAgICAgICAgIDwvdHI+DQogICAgICAgICAgICAgIDx0cj4NCiAgICAgICAgICAgICAgICA8dGQ+PGRpdiBhbGlnbj0icmlnaHQiPjwvZGl2PjwvdGQ+DQogICAgICAgICAgICAgICAgPHRkPjxsYWJlbD4NCiAgICAgICAgICAgICAgICAgIDxidXR0b24gb25DbGljaz0ic2F2ZVRleHRBc0ZpbGUoKSI+RG93bmxvYWQ8L2J1dHRvbj4NCiAgICAgICAgICAgICAgICA8L2xhYmVsPjwvdGQ+DQogICAgICAgICAgICAgIDwvdHI+DQogICAgICAgIDwvdGFibGU+DQogICAgICAgICANCgkJCQ0KCQkJICAgIA0KCSANCgkJCSAgICAgICAgPC9wPg0KCQk8JQ0KCQl9DQoJCWVsc2UNCgkJew0KCQlvdXQucHJpbnQoIlNlY3JldCBLZXkgTWlzTWF0Y2ggIik7DQoJCX0NCgkJfQ0KCQlpZihhLmVxdWFsc0lnbm9yZUNhc2UoImEiKSkJDQoJCXsJDQoJCSU+CQ0KICAgICAgICA8cD48YSBocmVmPSJzZWFyY2hGaWxlLmpzcCI+QmFjazwvYT48L3A+DQogICAgICA8JQ0KCSAgfQ0KCSAgZWxzZQ0KCSAgew0KCSAgJT4NCgkgICA8cD48YSBocmVmPSJ2aWV3T3duZXJGaWxlLmpzcCI+QmFjazwvYT48L3A+DQoJICA8JQ0KCSAgfQ0KCSAgCQ0KCQkJDQoJDQoJCQkJCQ0KCQkNCgkJCQkJDQoJDQoJIA0KICAgICAgICAgICBjb25uZWN0aW9uLmNsb3NlKCk7DQogICAgICAgICAgfQ0KICAgICAgICAgDQogICAgICAgICAgY2F0Y2goRXhjZXB0aW9uIGUpDQogICAgICAgICAgew0KICAgICAgICAgICAgb3V0LnByaW50bG4oZS5nZXRNZXNzYWdlKCkpOw0KICAgICAgICAgIH0NCiU+IAkJICANCgkJCSAgICANCgkgIDwvZGl2Pg0KICAgIDwvZGl2Pg0KICAgIDxkaXYgaWQ9ImNvbHVtbjIiPg0KICAgICAgPGgyPk1lbnU8L2gyPg0KICAgICAgPHVsPg0KICAgIA0KICAgIDxsaT48YSBocmVmPSJkYXRhT3duZXJNYWluLmpzcCI+RGF0YSBPd25lciBNYWluPC9hPjwvbGk+DQogICAgPGxpPjxhIGhyZWY9ImRhdGFPd25lckxvZ2luLmpzcCI+TG9nIE91dDwvYT48L2xpPg0KICAgDQogICAgICA8L3VsPg0KICAgIDwvZGl2Pg0KICA8L2Rpdj4NCiAgPGRpdiBzdHlsZT0iY2xlYXI6IGJvdGg7Ij4mbmJzcDs8L2Rpdj4NCjwvZGl2Pg0KPGRpdiBpZD0iZm9vdGVyIj4NCiAgDQo8L2Rpdj4NCjwvYm9keT4NCjwvaHRtbD4NCg==', '-21977bbdd38133fd1138cdfdfa71fee4200b4d7', '0', '04/09/2020   16:56:06', '[B@442c76');
INSERT INTO `mobileterminal` VALUES ('mobileterminal', 'mobileterminal');
INSERT INTO `results` VALUES ('Connect.java', '3000', '4300');
INSERT INTO `results` VALUES ('Attack.jsp', '2700', '2300');
INSERT INTO `results` VALUES ('DataInsert.jsp', '184', '34816');
INSERT INTO `results` VALUES ('SearchFile.jsp', '565', '12288');
INSERT INTO `server` VALUES ('1', 'cloud1', 'cloud1', '12', '1');
INSERT INTO `server` VALUES ('2', 'cloud2', 'cloud2', '2', '0');
INSERT INTO `server` VALUES ('3', 'cloud3', 'cloud3', '8', '0');
INSERT INTO `transaction` VALUES ('1', 'cloud1', 'Mohan', 'Connect.java', 'Upload', '03/09/2020   15:51:33');
INSERT INTO `transaction` VALUES ('2', 'cloud1', 'Mohan', 'Attack.jsp', 'Upload', '03/09/2020   16:01:13');
INSERT INTO `transaction` VALUES ('3', 'cloud1', 'Raju', 'DataInsert.jsp', 'Upload', '03/09/2020   16:50:47');
INSERT INTO `transaction` VALUES ('4', 'cloud1', 'Manjunath', 'SearchFile.jsp', 'Upload', '04/09/2020   16:53:00');
INSERT INTO `vmfiles` VALUES ('1', 'cloud1', 'Mohan', 'Connect.java', 'DQo8JUAgcGFnZSBpbXBvcnQ9ImphdmEuc3FsLioiJT4NCjwlDQoNCglDb25uZWN0aW9uIGNvbm5lY3Rpb24gPSBudWxsOw0KIAl0cnkgDQoJew0KICAgICAJDQoJICAJQ2xhc3MuZm9yTmFtZSgiY29tLm15c3FsLmpkYmMuRHJpdmVyIik7CQ0KCQljb25uZWN0aW9uID0gRHJpdmVyTWFuYWdlci5nZXRDb25uZWN0aW9uKCJqZGJjOm15c3FsOi8vbG9jYWxob3N0OjMzMDYvYXV0aCIsInJvb3QiLCJyb290Iik7DQogICAgIA0KCX0NCgkNCgljYXRjaChFeGNlcHRpb24gZSkNCgkNCgl7DQoJCVN5c3RlbS5vdXQucHJpbnRsbihlKTsNCgl9DQoJDQolPg==', '59ec36aa6257823f1eaf2a08c78c089f348fe4e9', '1', '03/09/2020   15:51:33', '[B@da89a7');
INSERT INTO `vmfiles` VALUES ('2', 'cloud2', 'Mohan', 'Attack.jsp', 'PCFET0NUWVBFIGh0bWwgUFVCTElDICItLy9XM0MvL0RURCBYSFRNTCAxLjAgVHJhbnNpdGlvbmFsLy9FTiIgImh0dHA6Ly93d3cudzMub3JnL1RSL3hodG1sMS9EVEQveGh0bWwxLXRyYW5zaXRpb25hbC5kdGQiPg0KPGh0bWwgeG1sbnM9Imh0dHA6Ly93d3cudzMub3JnLzE5OTkveGh0bWwiPg0KPGhlYWQ+DQo8dGl0bGU+QXR0YWNrZXI8L3RpdGxlPg0KPG1ldGEgaHR0cC1lcXVpdj0iY29udGVudC10eXBlIiBjb250ZW50PSJ0ZXh0L2h0bWw7IGNoYXJzZXQ9dXRmLTgiIC8+DQo8bGluayBocmVmPSJsYXlvdXQuY3NzIiByZWw9InN0eWxlc2hlZXQiIHR5cGU9InRleHQvY3NzIiBtZWRpYT0ic2NyZWVuIiAvPg0KPHN0eWxlIHR5cGU9InRleHQvY3NzIj4NCjwhLS0NCi5zdHlsZTQge2NvbG9yOiAjRkZGRkZGOyB9DQouc3R5bGUxOSB7Y29sb3I6ICM2NjY2NjZ9DQotLT4NCjwvc3R5bGU+DQo8L2hlYWQ+DQo8Ym9keT4NCjxkaXYgaWQ9ImhlYWRlciI+DQogIDxkaXYgaWQ9ImxvZ28iPg0KICAgIDxwPiZuYnNwOzwvcD4NCiAgICA8cD4mbmJzcDs8L3A+DQogICAgPHA+Jm5ic3A7PC9wPg0KICAgIDxwPiZuYnNwOzwvcD4NCiAgICA8cD4mbmJzcDs8L3A+DQogICAgPHA+Jm5ic3A7PC9wPg0KICAgIDxoMiBhbGlnbj0iY2VudGVyIiBjbGFzcz0ic3R5bGU0Ij5BdXRoZW50aWNhdGlvbiBhbmQgS2V5IEFncmVlbWVudCBCYXNlZCBvbiBBbm9ueW1vdXMgSWRlbnRpdHkgZm9yIFBlZXIgdG8gUGVlciBDbG91ZDwvaDI+DQogIDwvZGl2Pg0KPC9kaXY+DQo8ZGl2IGlkPSJuYXZpZ2F0aW9uIj4NCiAgPHVsPg0KICAgIDxsaT48YSBocmVmPSJpbmRleC5odG1sIj5Ib21lPC9hPjwvbGk+DQogICAgPGxpPjxhIGhyZWY9InZlcnR1YWxNYXN0ZXJMb2dpbi5qc3AiPk1vYmlsZSBUZXJtaW5hbDwvYT48L2xpPg0KICAgIDxsaT48YSBocmVmPSJkYXRhT3duZXJMb2dpbi5qc3AiPkRhdGFPd25lcjwvYT48L2xpPg0KICAgIDxsaT48YSBocmVmPSJjbG91ZFNlcnZlckxvZ2luLmpzcCI+Q2xvdWRTZXJ2ZXI8L2E+PC9saT4NCiAgICA8bGk+PGEgaHJlZj0iYWJvdXRQcm9qZWN0Lmh0bWwiPkFib3V0UHJvamVjdDwvYT48L2xpPg0KICA8L3VsPg0KPC9kaXY+DQo8ZGl2IGlkPSJjb250ZW50Ij4NCiAgPGRpdiBpZD0icGFnZSI+DQogICAgPGRpdiBpZD0iY29sdW1uMSI+DQogICAgICA8ZGl2IGNsYXNzPSJib3gxIj4NCiAgICAgICAgPGgyPkF0dGFjayBUaGUgRmlsZSAgICA8L2gyPg0KICAgICAgIA0KICAgICAgICA8cD4NCgkJIDwlQCBpbmNsdWRlIGZpbGU9ImNvbm5lY3QuanNwIiAlPg0KIA0KIDwlQCBwYWdlIGltcG9ydCA9ImphdmEuc2VjdXJpdHkuS2V5IiAlPg0KIA0KIDwlQCBwYWdlIGltcG9ydCA9ImphdmF4LmNyeXB0by5DaXBoZXIiICU+IA0KIA0KIDwlQCBwYWdlIGltcG9ydCA9ImphdmEubWF0aC5CaWdJbnRlZ2VyIiAlPg0KIA0KIDwlQCBwYWdlIGltcG9ydCA9ImphdmF4LmNyeXB0by5zcGVjLlNlY3JldEtleVNwZWMiICU+DQogDQogPCVAIHBhZ2UgaW1wb3J0ID0ib3JnLmJvdW5jeWNhc3RsZS51dGlsLmVuY29kZXJzLkJhc2U2NCIgJT4NCiANCiA8JUAgcGFnZSBpbXBvcnQgPSJqYXZhLnNlY3VyaXR5Lk1lc3NhZ2VEaWdlc3QsamF2YS5zZWN1cml0eS5EaWdlc3RJbnB1dFN0cmVhbSIgJT4NCiANCiA8JUAgcGFnZSBpbXBvcnQgPSJqYXZhLmlvLlByaW50U3RyZWFtLGphdmEuaW8uRmlsZU91dHB1dFN0cmVhbSxqYXZhLmlvLkZpbGVJbnB1dFN0cmVhbSxqYXZhLmlvLkJ1ZmZlcmVkSW5wdXRTdHJlYW0iICU+DQogDQogPCVAIHBhZ2UgaW1wb3J0PSJqYXZhLnRleHQuU2ltcGxlRGF0ZUZvcm1hdCxqYXZhLnV0aWwuRGF0ZSIlPg0KDQoJCSAgPCUNCgkJICB0cnkNCgkJICB7DQoJCSAgU3RyaW5nIGlkPShTdHJpbmcpYXBwbGljYXRpb24uZ2V0QXR0cmlidXRlKCJpZCIpOw0KCQkgIFN0cmluZyBvd25lciA9IHJlcXVlc3QuZ2V0UGFyYW1ldGVyKCJ0MyIpOw0KCQkgIFN0cmluZyBjbG91ZCA9IHJlcXVlc3QuZ2V0UGFyYW1ldGVyKCJ0NCIpOw0KCQkgIFN0cmluZyBmbmFtZSA9IHJlcXVlc3QuZ2V0UGFyYW1ldGVyKCJ0MSIpOw0KCQkgIFN0cmluZyBjb250ID0gcmVxdWVzdC5nZXRQYXJhbWV0ZXIoInRleHQiKTsNCgkJICBTdHJpbmcgdGQgPSByZXF1ZXN0LmdldFBhcmFtZXRlcigidDUiKTsNCgkgICAgICBTdHJpbmcgYXR0YWNrZXIgPSByZXF1ZXN0LmdldFBhcmFtZXRlcigidDIiKTsNCgkgICAgIA0KCQkgDQoJICAgICAgDQoJCSAgDQoJCSAgDQoJCSAgDQoJCSAgICBTaW1wbGVEYXRlRm9ybWF0IHNkZkRhdGUgPSBuZXcgU2ltcGxlRGF0ZUZvcm1hdCgiZGQvTU0veXl5eSIpOw0KCQkJU2ltcGxlRGF0ZUZvcm1hdCBzZGZUaW1lID0gbmV3IFNpbXBsZURhdGVGb3JtYXQoIkhIOm1tOnNzIik7DQoNCgkJCURhdGUgbm93ID0gbmV3IERhdGUoKTsNCg0KCQkJU3RyaW5nIHN0ckRhdGUgPSBzZGZEYXRlLmZvcm1hdChub3cpOw0KCQkJU3RyaW5nIHN0clRpbWUgPSBzZGZUaW1lLmZvcm1hdChub3cpOw0KCQkJU3RyaW5nIGR0ID0gc3RyRGF0ZSArICIgIiArIHN0clRpbWU7DQoJCSAgDQoJCSAgCVN0cmluZyBzdHIgPSAidXBkYXRlIHZtZmlsZXMxMSBzZXQgY3Q9JyIrY29udCsiJyxtYWM9JyIrdGQrIicgd2hlcmUgZm5hbWU9JyIrZm5hbWUrIicgICAiOw0KCQkJY29ubmVjdGlvbi5jcmVhdGVTdGF0ZW1lbnQoKS5leGVjdXRlVXBkYXRlKHN0cik7DQoJCQkNCgkJCVN0cmluZyBzdHIxID0gInNlbGVjdCAqIGZyb20gc2VydmVyIHdoZXJlIHVzZXJuYW1lPSciK2Nsb3VkKyInICI7DQoJCQlTdGF0ZW1lbnQgc3QgPSBjb25uZWN0aW9uLmNyZWF0ZVN0YXRlbWVudCgpOw0KCQkJUmVzdWx0U2V0IHJzID0gc3QuZXhlY3V0ZVF1ZXJ5KHN0cjEpOw0KCQkJaWYocnMubmV4dCgpKQ0KCQkJew0KCQkJIGludCBpPXJzLmdldEludCg1KTsNCgkJCSBpbnQgaj1pKzE7DQoJCQkgDQoJCQlTdHJpbmcgc3RyMyA9ICJ1cGRhdGUgc2VydmVyIHNldCBhdHRhY2s9JyIraisiJyB3aGVyZSB1c2VybmFtZT0nIitjbG91ZCsiJyAgICI7DQoJCQljb25uZWN0aW9uLmNyZWF0ZVN0YXRlbWVudCgpLmV4ZWN1dGVVcGRhdGUoc3RyMyk7DQoJCQkNCgkJCQl9DQoJCQkJDQoNCgkJCVN0cmluZyBzdHIyID0gImluc2VydCBpbnRvIGF0dGFja2VyKGlkLG93bmVyLGNsb3VkLGZuYW1lLGNvbnRlbnQsdHJhcGRvb3IsYXR0YWNrZXIsZHQpIHZhbHVlcygnIiArIGlkICsgIicsJyIgKyBvd25lciArICInLCciICsgY2xvdWQgKyAiJywnIiArIGZuYW1lICsgIicsJyIgKyBjb250ICsgIicsJyIgKyB0ZCArICInLCciICsgYXR0YWNrZXIgKyAiJywnIiArIGR0ICsgIicpIjsNCgkJCWNvbm5lY3Rpb24uY3JlYXRlU3RhdGVtZW50KCkuZXhlY3V0ZVVwZGF0ZShzdHIyKTsNCiU+PGgyPkZpbGUgQXR0YWNrZWQ8L2gyPg0KCQkgIDxwPg0KCQkgICAgPCUNCgkJICANCgkJICB9DQoJCSAgY2F0Y2goRXhjZXB0aW9uIGUpDQoJCSAgew0KCQkgIG91dC5wcmludGxuKGUuZ2V0TWVzc2FnZSgpKTsNCgkJICB9DQoJCSAgJT4NCgkgICAgPC9wPg0KCSAgICA8L3A+DQoJCSAgPHAgYWxpZ249InJpZ2h0Ij48YSBocmVmPSJhdHRhY2sxLmpzcCI+QmFjazwvYT4gPC9wPg0KICAgICAgPC9kaXY+DQogICAgPC9kaXY+DQogICAgPGRpdiBpZD0iY29sdW1uMiI+DQogICAgICA8aDI+TWVudTwvaDI+DQogICAgICA8dWw+DQogICAgPGxpPjxhIGhyZWY9ImluZGV4Lmh0bWwiPkhvbWU8L2E+PC9saT4NCiAgICANCiAgICAgIDwvdWw+DQogICAgPC9kaXY+DQogIDwvZGl2Pg0KICA8ZGl2IHN0eWxlPSJjbGVhcjogYm90aDsiPiZuYnNwOzwvZGl2Pg0KPC9kaXY+DQo8ZGl2IGlkPSJmb290ZXIiPg0KICANCjwvZGl2Pg0KPC9ib2R5Pg0KPC9odG1sPg0K', '-33d14396fe4e30404df8494d7cc262670adf5282', '2', '03/09/2020   16:01:13', '[B@132b73b');
INSERT INTO `vmfiles` VALUES ('3', 'cloud1', 'Raju', 'DataInsert.jsp', 'PCVAIGluY2x1ZGUgZmlsZT0iY29ubmVjdC5qc3AiICU+DQo8JUAgcGFnZSBpbXBvcnQ9ImphdmEudXRpbC4qIiAlPg0KPCVAIHBhZ2UgaW1wb3J0PSJqYXZhLmlvLioiJT4NCjwlQCBwYWdlIGltcG9ydD0iY29tLm9yZWlsbHkuc2VydmxldC4qIiU+DQoNCiAgICAgICAgICAgIDwlDQoJCQkgICAgICAgDQoJCQkJCQ0KCQkJCSAgICBBcnJheUxpc3QgbGlzdCA9IG5ldyBBcnJheUxpc3QoKTsNCgkJCQkJDQoJCQkJCVNlcnZsZXRDb250ZXh0IGNvbnRleHQgPSBnZXRTZXJ2bGV0Q29udGV4dCgpOw0KCQkJCQkNCgkJCQkJU3RyaW5nIGRpck5hbWUgPWNvbnRleHQuZ2V0UmVhbFBhdGgoIkdhbGxlcnkvIik7DQoJCQkJCQ0KCQkJCQlTdHJpbmcgcGFyYW1uYW1lPW51bGwsdW5hbWU9bnVsbCxwYXNzPW51bGwsZW1haWw9bnVsbCxtbm89bnVsbCxhZGRyPW51bGwsZG9iPW51bGwsZ2VuZGVyPW51bGwscGluY29kZT1udWxsLGxvY2F0aW9uPW51bGwsaW1hZ2U9bnVsbCxjbG91ZD1udWxsLGJpbiA9ICIiOw0KCQkJCQ0KCQkJCQlGaWxlSW5wdXRTdHJlYW0gZnM9bnVsbDsNCgkJCQkJDQoJCQkJCUZpbGUgZmlsZTEgPSBudWxsOwkNCgkJCQkJDQoJCQkJCXRyeSB7DQoJCQkJCQlNdWx0aXBhcnRSZXF1ZXN0IG11bHRpID0gbmV3IE11bHRpcGFydFJlcXVlc3QocmVxdWVzdCwgZGlyTmFtZSwJMTAgKiAxMDI0ICogMTAyNCk7CSAvLyAxME1CDQoJCQkJCQkNCgkJCQkJCUVudW1lcmF0aW9uIHBhcmFtcyA9IG11bHRpLmdldFBhcmFtZXRlck5hbWVzKCk7DQoJCQkJCQkNCgkJCQkJCXdoaWxlIChwYXJhbXMuaGFzTW9yZUVsZW1lbnRzKCkpIA0KCQkJCQkJew0KCQkJCQkJCXBhcmFtbmFtZSA9IChTdHJpbmcpIHBhcmFtcy5uZXh0RWxlbWVudCgpOw0KCQkJCQkJCQ0KCQkJCQkJCWlmKHBhcmFtbmFtZS5lcXVhbHNJZ25vcmVDYXNlKCJ1c2VyaWQiKSkNCgkJCQkJCQl7DQoJCQkJCQkJCXVuYW1lPW11bHRpLmdldFBhcmFtZXRlcihwYXJhbW5hbWUpOw0KCQkJCQkJCX0NCgkJCQkJCQlpZihwYXJhbW5hbWUuZXF1YWxzSWdub3JlQ2FzZSgicGFzcyIpKQ0KCQkJCQkJCXsNCgkJCQkJCQkJcGFzcz1tdWx0aS5nZXRQYXJhbWV0ZXIocGFyYW1uYW1lKTsNCgkJCQkJCQl9DQoJCQkJCQkJaWYocGFyYW1uYW1lLmVxdWFsc0lnbm9yZUNhc2UoImVtYWlsIikpDQoJCQkJCQkJew0KCQkJCQkJCQllbWFpbD1tdWx0aS5nZXRQYXJhbWV0ZXIocGFyYW1uYW1lKTsNCgkJCQkJCQl9DQoJCQkJCQkJaWYocGFyYW1uYW1lLmVxdWFsc0lnbm9yZUNhc2UoIm1vYmlsZSIpKQ0KCQkJCQkJCXsNCgkJCQkJCQkJbW5vPW11bHRpLmdldFBhcmFtZXRlcihwYXJhbW5hbWUpOw0KCQkJCQkJCX0NCgkJCQkJCQlpZihwYXJhbW5hbWUuZXF1YWxzSWdub3JlQ2FzZSgiYWRkcmVzcyIpKQ0KCQkJCQkJCXsNCgkJCQkJCQkJYWRkcj1tdWx0aS5nZXRQYXJhbWV0ZXIocGFyYW1uYW1lKTsNCgkJCQkJCQl9DQoJCQkJCQkJaWYocGFyYW1uYW1lLmVxdWFsc0lnbm9yZUNhc2UoImRvYiIpKQ0KCQkJCQkJCXsNCgkJCQkJCQkJZG9iPW11bHRpLmdldFBhcmFtZXRlcihwYXJhbW5hbWUpOw0KCQkJCQkJCX0gDQoJCQkJCQkJaWYocGFyYW1uYW1lLmVxdWFsc0lnbm9yZUNhc2UoImdlbmRlciIpKQ0KCQkJCQkJCXsNCgkJCQkJCQkJZ2VuZGVyPW11bHRpLmdldFBhcmFtZXRlcihwYXJhbW5hbWUpOw0KCQkJCQkJCX0NCgkJCQkJCQlpZihwYXJhbW5hbWUuZXF1YWxzSWdub3JlQ2FzZSgicGluY29kZSIpKQ0KCQkJCQkJCXsNCgkJCQkJCQkJcGluY29kZT1tdWx0aS5nZXRQYXJhbWV0ZXIocGFyYW1uYW1lKTsNCgkJCQkJCQl9DQoJCQkJCQkJaWYocGFyYW1uYW1lLmVxdWFsc0lnbm9yZUNhc2UoImNsb3VkIikpDQoJCQkJCQkJew0KCQkJCQkJCQljbG91ZD1tdWx0aS5nZXRQYXJhbWV0ZXIocGFyYW1uYW1lKTsNCgkJCQkJCQl9DQoNCg0KCQkJCQkJfQ0KCQkJCQkJCQ0KCQkJCQkJaW50IGYgPSAwOw0KCQkJCQkJRW51bWVyYXRpb24gZmlsZXMgPSBtdWx0aS5nZXRGaWxlTmFtZXMoKTsJDQoJCQkJCQl3aGlsZSAoZmlsZXMuaGFzTW9yZUVsZW1lbnRzKCkpIA0KCQkJCQkJew0KCQkJCQkJCXBhcmFtbmFtZSA9IChTdHJpbmcpIGZpbGVzLm5leHRFbGVtZW50KCk7DQoJCQkJCQkJDQoJCQkJCQkJaWYocGFyYW1uYW1lICE9IG51bGwpDQoJCQkJCQkJew0KCQkJCQkJCQlmID0gMTsNCgkJCQkJCQkJaW1hZ2UgPSBtdWx0aS5nZXRGaWxlc3lzdGVtTmFtZShwYXJhbW5hbWUpOw0KCQkJCQkJCQlTdHJpbmcgZlBhdGggPSBjb250ZXh0LmdldFJlYWxQYXRoKCJHYWxsZXJ5XFwiK2ltYWdlKTsNCgkJCQkJCQkJZmlsZTEgPSBuZXcgRmlsZShmUGF0aCk7DQoJCQkJCQkJCWZzID0gbmV3IEZpbGVJbnB1dFN0cmVhbShmaWxlMSk7DQoJCQkJCQkJCWxpc3QuYWRkKGZzKTsNCgkJCQkJCQkNCgkJCQkJCQkJU3RyaW5nIHNzPWZQYXRoOw0KCQkJCQkJCQlGaWxlSW5wdXRTdHJlYW0gZmlzID0gbmV3IEZpbGVJbnB1dFN0cmVhbShzcyk7DQoJCQkJCQkJCVN0cmluZ0J1ZmZlciBzYjE9bmV3IFN0cmluZ0J1ZmZlcigpOw0KCQkJCQkJCQlpbnQgaSA9IDA7DQoJCQkJCQkJCXdoaWxlICgoaSA9IGZpcy5yZWFkKCkpICE9IC0xKSANCgkJCQkJCQkJew0KCQkJCQkJCQkJaWYgKGkgIT0gLTEpDQoJCQkJCQkJCQkgew0KCQkJCQkJCQkJCS8vU3lzdGVtLm91dC5wcmludGxuKGkpOw0KCQkJCQkJCQkJCVN0cmluZyBoZXggPSBJbnRlZ2VyLnRvSGV4U3RyaW5nKGkpOw0KCQkJCQkJCQkJCS8vIHNlc3Npb24ucHV0KCJoZXgiLGhleCk7DQoJCQkJCQkJCQkJc2IxLmFwcGVuZChoZXgpOw0KCQkJCQkJCQkJCQ0KCQkJCQkJCQkJDQoJCQkJCQkJCQkJU3RyaW5nIGJpbkZyYWdtZW50ID0gIiI7DQoJCQkJCQkJCQkJaW50IGlIZXg7DQoJCQkgDQoJCQkJCQkJCQkJZm9yKGludCBpMT0gMDsgaTEgPCBoZXgubGVuZ3RoKCk7IGkxKyspDQoJCQkJCQkJCQkJew0KCQkJCQkJCQkJCQlpSGV4ID0gSW50ZWdlci5wYXJzZUludCgiIitoZXguY2hhckF0KGkxKSwxNik7DQoJCQkJCQkJCQkJCWJpbkZyYWdtZW50ID0gSW50ZWdlci50b0JpbmFyeVN0cmluZyhpSGV4KTsNCgkJCQ0KCQkJCQkJCQkJCQl3aGlsZShiaW5GcmFnbWVudC5sZW5ndGgoKSA8IDQpDQoJCQkJCQkJCQkJCXsNCgkJCQkJCQkJCQkJCWJpbkZyYWdtZW50ID0gIjAiICsgYmluRnJhZ21lbnQ7DQoJCQkJCQkJCQkJCX0NCgkJCQkJCQkJCQkJYmluICs9IGJpbkZyYWdtZW50Ow0KCQkJCQkJCQ0KCQkJCQkJICAgICAgICAgICAgICAgIH0NCgkJCQkJCQkJCX0JDQoJCQkJCQkJCQkNCgkJCQkJCQkJfQ0KCQkJCQkJCQkNCgkJCQkJCQl9CQkNCgkJCQkJCX0NCgkJCQkJCQ0KCQkJCQkJDQoJCQ0KCQkJCQkJRmlsZUlucHV0U3RyZWFtIGZzMSA9IG51bGw7DQoJCQkgCQkJU3RyaW5nIHF1ZXJ5MT0ic2VsZWN0ICogZnJvbSBkYXRhb3duZXIgIHdoZXJlIHVzZXJuYW1lPSciK3VuYW1lKyInIGFuZCBjbG91ZD0nIitjbG91ZCsiJyI7IA0KCQkJCQkJU3RhdGVtZW50IHN0MT1jb25uZWN0aW9uLmNyZWF0ZVN0YXRlbWVudCgpOw0KCQkJCQkJUmVzdWx0U2V0IHJzMT1zdDEuZXhlY3V0ZVF1ZXJ5KHF1ZXJ5MSk7DQoJCQkJCQkNCgkJCQkJCQkNCgkJCQkJaWYgKCByczEubmV4dCgpICkNCgkJCQkJICAgew0KCQkJCQkgICAJCW91dC5wcmludCgiT3duZXIgTmFtZSBBbHJlYWR5IEV4aXN0IGluICAiKTslPjwlPWNsb3VkJT48JQ0KCQkJCQkJCQ0KCQkJCQkJCQ0KCQkJCSU+DQoJCQkJCQkJPHA+PGEgaHJlZj0iZGF0YU93bmVyUmVnaXN0ZXIuanNwIj5CYWNrPC9hPjwvcD4NCgkJCQk8JQ0KCQkJCQ0KCQkJCQkgICB9DQoJCQkJCSAgIGVsc2UNCgkJCQkJICAgew0KCQkJCQkgICANClByZXBhcmVkU3RhdGVtZW50IHBzPWNvbm5lY3Rpb24ucHJlcGFyZVN0YXRlbWVudCgiaW5zZXJ0IGludG8gZGF0YW93bmVyKHVzZXJuYW1lLHBhc3N3b3JkLGVtYWlsLG1vYmlsZSxhZGRyZXNzLGRvYixnZW5kZXIscGluY29kZSxpbWFnZSxjbG91ZCkgdmFsdWVzKD8sPyw/LD8sPyw/LD8sPyw/LD8pIik7DQoJCQkJCQlwcy5zZXRTdHJpbmcoMSx1bmFtZSk7DQoJCQkJCQlwcy5zZXRTdHJpbmcoMixwYXNzKTsNCgkJCQkJCXBzLnNldFN0cmluZygzLGVtYWlsKTsJDQoJCQkJCQlwcy5zZXRTdHJpbmcoNCxtbm8pOw0KCQkJCQkJcHMuc2V0U3RyaW5nKDUsYWRkcik7DQoJCQkJCQlwcy5zZXRTdHJpbmcoNixkb2IpOw0KCQkJCQkJcHMuc2V0U3RyaW5nKDcsZ2VuZGVyKTsNCgkJCQkJCXBzLnNldFN0cmluZyg4LHBpbmNvZGUpOw0KCQkJCQ0KCQkJCQkJcHMuc2V0QmluYXJ5U3RyZWFtKDksIChJbnB1dFN0cmVhbSlmcywgKGludCkoZmlsZTEubGVuZ3RoKCkpKTsJDQoJCQkJICAgICAgICBwcy5zZXRTdHJpbmcoMTAsY2xvdWQpOw0KCQkJCQkJDQoJCQkJCQlpZihmID09IDApDQoJCQkJCQkJcHMuc2V0T2JqZWN0KDksbnVsbCk7DQoJCQkJCQllbHNlIGlmKGYgPT0gMTIpDQoJCQkJCQl7DQoJCQkJCQkJZnMxID0gKEZpbGVJbnB1dFN0cmVhbSlsaXN0LmdldCgwKTsNCgkJCQkJCQlwcy5zZXRCaW5hcnlTdHJlYW0oOSxmczEsZnMxLmF2YWlsYWJsZSgpKTsNCgkJCQkJCX0JDQoJCQkJCQkNCgkJCQkJCWludCB4PXBzLmV4ZWN1dGVVcGRhdGUoKTsNCgkJCQkJCWlmKHg+MCkNCgkJCQkJCXsNCgkJCQkJCQlvdXQucHJpbnQoIlJlZ2lzdGVyZWQgU3VjY2Vzc2Z1bGx5Iik7DQoJCQkJCQkJDQoJCQklPgkJCQ0KCQkJPHA+PGEgaHJlZj0iZGF0YU93bmVyUmVnaXN0ZXIuanNwIj5CYWNrPC9hPjwvcD4NCgkJCTwlDQoJCQkNCgkJCQkJfX19DQoJCQkJCWNhdGNoIChFeGNlcHRpb24gZSkgDQoJCQkJCXsNCgkJCQkJCW91dC5wcmludGxuKGUuZ2V0TWVzc2FnZSgpKTsNCgkJCQkJfQ0KCQkJJT4NCg==', '-65c653cb86d429c0483149035d8b04d9510448cb', '1', '03/09/2020   16:50:47', '[B@54864c');
INSERT INTO `vmfiles` VALUES ('4', 'cloud2', 'Manjunath', 'SearchFile.jsp', 'PCFET0NUWVBFIGh0bWwgUFVCTElDICItLy9XM0MvL0RURCBYSFRNTCAxLjAgVHJhbnNpdGlvbmFsLy9FTiIgImh0dHA6Ly93d3cudzMub3JnL1RSL3hodG1sMS9EVEQveGh0bWwxLXRyYW5zaXRpb25hbC5kdGQiPg0KPGh0bWwgeG1sbnM9Imh0dHA6Ly93d3cudzMub3JnLzE5OTkveGh0bWwiPg0KPGhlYWQ+DQo8dGl0bGU+U2VhcmNoIEZpbGU8L3RpdGxlPg0KPG1ldGEgaHR0cC1lcXVpdj0iY29udGVudC10eXBlIiBjb250ZW50PSJ0ZXh0L2h0bWw7IGNoYXJzZXQ9dXRmLTgiIC8+DQo8bGluayBocmVmPSJsYXlvdXQuY3NzIiByZWw9InN0eWxlc2hlZXQiIHR5cGU9InRleHQvY3NzIiBtZWRpYT0ic2NyZWVuIiAvPg0KPHN0eWxlIHR5cGU9InRleHQvY3NzIj4NCjwhLS0NCi5zdHlsZTQge2NvbG9yOiAjRkZGRkZGOyB9DQouc3R5bGUyMiB7Y29sb3I6ICNGRkZGMDB9DQotLT4NCjwvc3R5bGU+DQo8c2NyaXB0IHR5cGU9J3RleHQvamF2YXNjcmlwdCc+DQogICAgICAgIGZ1bmN0aW9uIHNhdmVUZXh0QXNGaWxlKCkNCnsNCgl2YXIgdGV4dFRvV3JpdGUgPSBkb2N1bWVudC5nZXRFbGVtZW50QnlJZCgidGV4dGFyZWEiKS52YWx1ZTsNCgl2YXIgdGV4dEZpbGVBc0Jsb2IgPSBuZXcgQmxvYihbdGV4dFRvV3JpdGVdLCB7dHlwZTondGV4dC9wbGFpbid9KTsNCgl2YXIgZmlsZU5hbWVUb1NhdmVBcyA9ICJGaWxlLnR4dCI7DQoNCgl2YXIgZG93bmxvYWRMaW5rID0gZG9jdW1lbnQuY3JlYXRlRWxlbWVudCgiYSIpOw0KCWRvd25sb2FkTGluay5kb3dubG9hZCA9IGZpbGVOYW1lVG9TYXZlQXM7DQoJZG93bmxvYWRMaW5rLmlubmVySFRNTCA9ICJEb3dubG9hZCBGaWxlIjsNCglpZiAod2luZG93LndlYmtpdFVSTCAhPSBudWxsKQ0KCXsNCgkJLy8gQ2hyb21lIGFsbG93cyB0aGUgbGluayB0byBiZSBjbGlja2VkDQoJCS8vIHdpdGhvdXQgYWN0dWFsbHkgYWRkaW5nIGl0IHRvIHRoZSBET00uDQoJCWRvd25sb2FkTGluay5ocmVmID0gd2luZG93LndlYmtpdFVSTC5jcmVhdGVPYmplY3RVUkwodGV4dEZpbGVBc0Jsb2IpOw0KCX0NCgllbHNlDQoJew0KCQkvLyBGaXJlZm94IHJlcXVpcmVzIHRoZSBsaW5rIHRvIGJlIGFkZGVkIHRvIHRoZSBET00NCgkJLy8gYmVmb3JlIGl0IGNhbiBiZSBjbGlja2VkLg0KCQlkb3dubG9hZExpbmsuaHJlZiA9IHdpbmRvdy5VUkwuY3JlYXRlT2JqZWN0VVJMKHRleHRGaWxlQXNCbG9iKTsNCgkJZG93bmxvYWRMaW5rLm9uY2xpY2sgPSBkZXN0cm95Q2xpY2tlZEVsZW1lbnQ7DQoJCWRvd25sb2FkTGluay5zdHlsZS5kaXNwbGF5ID0gIm5vbmUiOw0KCQlkb2N1bWVudC5ib2R5LmFwcGVuZENoaWxkKGRvd25sb2FkTGluayk7DQoJfQ0KDQoJZG93bmxvYWRMaW5rLmNsaWNrKCk7DQp9DQoNCmZ1bmN0aW9uIGRlc3Ryb3lDbGlja2VkRWxlbWVudChldmVudCkNCnsNCglkb2N1bWVudC5ib2R5LnJlbW92ZUNoaWxkKGV2ZW50LnRhcmdldCk7DQp9DQo8L3NjcmlwdD4NCjwvaGVhZD4NCjxib2R5Pg0KPGRpdiBpZD0iaGVhZGVyIj4NCiAgPGRpdiBpZD0ibG9nbyI+DQogICAgPHA+Jm5ic3A7PC9wPg0KICAgIDxwPiZuYnNwOzwvcD4NCiAgICA8cD4mbmJzcDs8L3A+DQogICAgPHA+Jm5ic3A7PC9wPg0KICAgIDxwPiZuYnNwOzwvcD4NCiAgICA8cD4mbmJzcDs8L3A+DQogICAgPGgyIGFsaWduPSJjZW50ZXIiIGNsYXNzPSJzdHlsZTQiPkF1dGhlbnRpY2F0aW9uIGFuZCBLZXkgQWdyZWVtZW50IEJhc2VkIG9uIEFub255bW91cyBJZGVudGl0eSBmb3IgUGVlciB0byBQZWVyIENsb3VkPC9oMj4NCiAgPC9kaXY+DQo8L2Rpdj4NCjxkaXYgaWQ9Im5hdmlnYXRpb24iPg0KICA8dWw+DQogICAgPGxpPjxhIGhyZWY9ImluZGV4Lmh0bWwiPkhvbWU8L2E+PC9saT4NCiAgICA8bGk+PGEgaHJlZj0idmVydHVhbE1hc3RlckxvZ2luLmpzcCI+TW9iaWxlIFRlcm1pbmFsPC9hPjwvbGk+DQogICAgPGxpIGNsYXNzPSJhY3RpdmUiPjxhIGhyZWY9ImRhdGFPd25lckxvZ2luLmpzcCIgY2xhc3M9ImZpcnN0Ij5Vc2VyPC9hPjwvbGk+DQogICAgPGxpPjxhIGhyZWY9ImNsb3VkU2VydmVyTG9naW4uanNwIj5DbG91ZFNlcnZlcjwvYT48L2xpPg0KICAgIDxsaT48YSBocmVmPSJhYm91dFByb2plY3QuaHRtbCI+QWJvdXRQcm9qZWN0PC9hPjwvbGk+DQogIDwvdWw+DQo8L2Rpdj4NCjxkaXYgaWQ9ImNvbnRlbnQiPg0KICA8ZGl2IGlkPSJwYWdlIj4NCiAgICA8ZGl2IGlkPSJjb2x1bW4xIj4NCiAgICAgIDxkaXYgY2xhc3M9ImJveDEiPg0KICAgICAgICA8aDI+U2VhcmNoIEZpbGUgPC9oMj4NCiAgICAgICANCiAgIA0KICAgICAgICA8cD4NCgkJDQoJICA8JUAgaW5jbHVkZSBmaWxlID0gImNvbm5lY3QuanNwIiAlPg0KCSAgPCVAIHBhZ2UgaW1wb3J0ID0gImphdmEudXRpbC5EYXRlIiAlPg0KCSAgPCVAIHBhZ2UgaW1wb3J0ID0gImphdmEuc2VjdXJpdHkuS2V5IiAlPg0KCSAgPCVAIHBhZ2UgaW1wb3J0ID0gImphdmEudGV4dC5TaW1wbGVEYXRlRm9ybWF0IiAlPg0KCSAgPCVAIHBhZ2UgaW1wb3J0ID0gIm9yZy5ib3VuY3ljYXN0bGUudXRpbC5lbmNvZGVycy5CYXNlNjQiJT4NCgkgIDwlQCBwYWdlIGltcG9ydCA9ICJqYXZheC5jcnlwdG8uc3BlYy5TZWNyZXRLZXlTcGVjLGphdmF4LmNyeXB0by5DaXBoZXIiICU+DQoJICANCgkgDQoJCSA8JQ0KCQkgIA0KCQkgICAgCXRyeSANCgkJCQl7DQoJCQkNCgkJCQlTdHJpbmcgaWQgPShTdHJpbmcpIGFwcGxpY2F0aW9uLmdldEF0dHJpYnV0ZSgiaWQiKTsNCgkJCQlTdHJpbmcgYSA9IChTdHJpbmcpYXBwbGljYXRpb24uZ2V0QXR0cmlidXRlKCJhIik7DQoJCQkJU3RyaW5nIHQyID0gcmVxdWVzdC5nZXRQYXJhbWV0ZXIoInQyIik7DQogICAgICAgICAgICAgICAgU3RyaW5nIGZpbGUsY3QscmFuazsNCgkJCQlpbnQgaT0wLGo9MDsNCgkJCVN0cmluZyBzdHIgPSAic2VsZWN0ICogZnJvbSB2bWZpbGVzIHdoZXJlIGlkPSciK2lkKyInICI7DQoJCQlTdGF0ZW1lbnQgc3QgPSBjb25uZWN0aW9uLmNyZWF0ZVN0YXRlbWVudCgpOw0KCQkJUmVzdWx0U2V0IHJzID0gc3QuZXhlY3V0ZVF1ZXJ5KHN0cik7DQoJCQl3aGlsZShycy5uZXh0KCkpDQoJCQl7DQoJCQlmaWxlID0gcnMuZ2V0U3RyaW5nKDQpOw0KCQkJY3QgPSBycy5nZXRTdHJpbmcoNSk7DQoJCQkJU3RyaW5nIHNrID0gcnMuZ2V0U3RyaW5nKDkpOw0KCQkJaiA9IHJzLmdldEludCg3KTsNCgkJCQ0KCQkJaSA9IGorMTsNCgkJCQ0KCQkJDQoJCSAgICBTdHJpbmcgZGVjcnlwdGVkVmFsdWUgPSBuZXcgU3RyaW5nKEJhc2U2NC5kZWNvZGUoY3QuZ2V0Qnl0ZXMoKSkpOwkNCgkJCQ0KCQkJU3RyaW5nIHN0cjEgPSAidXBkYXRlIHZtZmlsZXMgc2V0IHJhbms9JyIraSsiJyB3aGVyZSBpZD0nIitpZCsiJyI7DQoJCQljb25uZWN0aW9uLmNyZWF0ZVN0YXRlbWVudCgpLmV4ZWN1dGVVcGRhdGUoc3RyMSk7DQoJCQkJDQoJCWlmKHQyLmVxdWFsc0lnbm9yZUNhc2Uoc2spKQ0KCQl7DQoJCQklPg0KCQkJDQoJCQ0KICAgICAgICA8dGFibGUgd2lkdGg9IjQ3OCIgYm9yZGVyPSIwIiBhbGlnbj0iY2VudGVyIj4NCiAgICAgICAgICAgICAgPHRyPg0KICAgICAgICAgICAgICAgIDx0ZCB3aWR0aD0iMjIzIiBoZWlnaHQ9IjUxIiBiZ2NvbG9yPSIjRkYwMDAwIj48c3BhbiBjbGFzcz0ic3R5bGU1IHN0eWxlMjIiPkVudGVyIEZpbGUgTmFtZSA8L3NwYW4+PC90ZD4NCiAgICAgICAgICAgICAgICA8dGQgd2lkdGg9IjI0NSI+PGxhYmVsPg0KICAgICAgICAgICAgICAgICAgPGlucHV0IHJlcXVpcmVkIG5hbWU9InQxIiB0eXBlPSJ0ZXh0IiB2YWx1ZT0iPCU9ZmlsZSU+IiBzaXplPSI0MCIgLz4NCiAgICAgICAgICAgICAgICA8L2xhYmVsPjwvdGQ+DQogICAgICAgICAgICAgIDwvdHI+DQogICAgICAgICAgICAgDQogICAgICAgICAgICAgIDx0cj4NCiAgICAgICAgICAgICAgICA8dGQgaGVpZ2h0PSIzNSIgYmdjb2xvcj0iI0ZGMDAwMCI+PHNwYW4gY2xhc3M9InN0eWxlNSBzdHlsZTIyIj5GaWxlIENvbnRlbnQ8L3NwYW4+PC90ZD4NCiAgICAgICAgICAgICAgICA8dGQ+PHRleHRhcmVhIG5hbWU9InRleHQiIGlkPSJ0ZXh0YXJlYSIgY29scz0iNDUiIHJvd3M9IjE3Ij48JT1kZWNyeXB0ZWRWYWx1ZSU+PC90ZXh0YXJlYT48L3RkPg0KICAgICAgICAgICAgICA8L3RyPg0KICAgICAgICAgICAgICA8dHI+DQogICAgICAgICAgICAgICAgPHRkPiZuYnNwOzwvdGQ+DQogICAgICAgICAgICAgICAgPHRkPiZuYnNwOzwvdGQ+DQogICAgICAgICAgICAgIDwvdHI+DQogICAgICAgICAgICAgIDx0cj4NCiAgICAgICAgICAgICAgICA8dGQ+PGRpdiBhbGlnbj0icmlnaHQiPjwvZGl2PjwvdGQ+DQogICAgICAgICAgICAgICAgPHRkPjxsYWJlbD4NCiAgICAgICAgICAgICAgICAgIDxidXR0b24gb25DbGljaz0ic2F2ZVRleHRBc0ZpbGUoKSI+RG93bmxvYWQ8L2J1dHRvbj4NCiAgICAgICAgICAgICAgICA8L2xhYmVsPjwvdGQ+DQogICAgICAgICAgICAgIDwvdHI+DQogICAgICAgIDwvdGFibGU+DQogICAgICAgICANCgkJCQ0KCQkJICAgIA0KCSANCgkJCSAgICAgICAgPC9wPg0KCQk8JQ0KCQl9DQoJCWVsc2UNCgkJew0KCQlvdXQucHJpbnQoIlNlY3JldCBLZXkgTWlzTWF0Y2ggIik7DQoJCX0NCgkJfQ0KCQlpZihhLmVxdWFsc0lnbm9yZUNhc2UoImEiKSkJDQoJCXsJDQoJCSU+CQ0KICAgICAgICA8cD48YSBocmVmPSJzZWFyY2hGaWxlLmpzcCI+QmFjazwvYT48L3A+DQogICAgICA8JQ0KCSAgfQ0KCSAgZWxzZQ0KCSAgew0KCSAgJT4NCgkgICA8cD48YSBocmVmPSJ2aWV3T3duZXJGaWxlLmpzcCI+QmFjazwvYT48L3A+DQoJICA8JQ0KCSAgfQ0KCSAgCQ0KCQkJDQoJDQoJCQkJCQ0KCQkNCgkJCQkJDQoJDQoJIA0KICAgICAgICAgICBjb25uZWN0aW9uLmNsb3NlKCk7DQogICAgICAgICAgfQ0KICAgICAgICAgDQogICAgICAgICAgY2F0Y2goRXhjZXB0aW9uIGUpDQogICAgICAgICAgew0KICAgICAgICAgICAgb3V0LnByaW50bG4oZS5nZXRNZXNzYWdlKCkpOw0KICAgICAgICAgIH0NCiU+IAkJICANCgkJCSAgICANCgkgIDwvZGl2Pg0KICAgIDwvZGl2Pg0KICAgIDxkaXYgaWQ9ImNvbHVtbjIiPg0KICAgICAgPGgyPk1lbnU8L2gyPg0KICAgICAgPHVsPg0KICAgIA0KICAgIDxsaT48YSBocmVmPSJkYXRhT3duZXJNYWluLmpzcCI+RGF0YSBPd25lciBNYWluPC9hPjwvbGk+DQogICAgPGxpPjxhIGhyZWY9ImRhdGFPd25lckxvZ2luLmpzcCI+TG9nIE91dDwvYT48L2xpPg0KICAgDQogICAgICA8L3VsPg0KICAgIDwvZGl2Pg0KICA8L2Rpdj4NCiAgPGRpdiBzdHlsZT0iY2xlYXI6IGJvdGg7Ij4mbmJzcDs8L2Rpdj4NCjwvZGl2Pg0KPGRpdiBpZD0iZm9vdGVyIj4NCiAgDQo8L2Rpdj4NCjwvYm9keT4NCjwvaHRtbD4NCg==', '-21977bbdd38133fd1138cdfdfa71fee4200b4d7', '1', '04/09/2020   16:53:00', '[B@1757337');
INSERT INTO `vmfiles11` VALUES ('1', 'cloud1', 'Mohan', 'Connect.java', 'DQo8JUAgcGFnZSBpbXBvcnQ9ImphdmEuc3FsLioiJT4NCjwlDQoNCglDb25uZWN0aW9uIGNvbm5lY3Rpb24gPSBudWxsOw0KIAl0cnkgDQoJew0KICAgICAJDQoJICAJQ2xhc3MuZm9yTmFtZSgiY29tLm15c3FsLmpkYmMuRHJpdmVyIik7CQ0KCQljb25uZWN0aW9uID0gRHJpdmVyTWFuYWdlci5nZXRDb25uZWN0aW9uKCJqZGJjOm15c3FsOi8vbG9jYWxob3N0OjMzMDYvYXV0aCIsInJvb3QiLCJyb290Iik7DQogICAgIA0KCX0NCgkNCgljYXRjaChFeGNlcHRpb24gZSkNCgkNCgl7DQoJCVN5c3RlbS5vdXQucHJpbnRsbihlKTsNCgl9DQoJDQolPg==', '59ec36aa6257823f1eaf2a08c78c089f348fe4e9', '0', '03/09/2020   15:51:33', '[B@da89a7');
INSERT INTO `vmfiles11` VALUES ('2', 'cloud1', 'Mohan', 'Attack.jsp', 'PCFET0NUWVBFIGh0bWwgUFVCTElDICItLy9XM0MvL0RURCBYSFRNTCAxLjAgVHJhbnNpdGlvbmFsLy9FTiIgImh0dHA6Ly93d3cudzMub3JnL1RSL3hodG1sMS9EVEQveGh0bWwxLXRyYW5zaXRpb25hbC5kdGQiPg0KPGh0bWwgeG1sbnM9Imh0dHA6Ly93d3cudzMub3JnLzE5OTkveGh0bWwiPg0KPGhlYWQ+DQo8dGl0bGU+QXR0YWNrZXI8L3RpdGxlPg0KPG1ldGEgaHR0cC1lcXVpdj0iY29udGVudC10eXBlIiBjb250ZW50PSJ0ZXh0L2h0bWw7IGNoYXJzZXQ9dXRmLTgiIC8+DQo8bGluayBocmVmPSJsYXlvdXQuY3NzIiByZWw9InN0eWxlc2hlZXQiIHR5cGU9InRleHQvY3NzIiBtZWRpYT0ic2NyZWVuIiAvPg0KPHN0eWxlIHR5cGU9InRleHQvY3NzIj4NCjwhLS0NCi5zdHlsZTQge2NvbG9yOiAjRkZGRkZGOyB9DQouc3R5bGUxOSB7Y29sb3I6ICM2NjY2NjZ9DQotLT4NCjwvc3R5bGU+DQo8L2hlYWQ+DQo8Ym9keT4NCjxkaXYgaWQ9ImhlYWRlciI+DQogIDxkaXYgaWQ9ImxvZ28iPg0KICAgIDxwPiZuYnNwOzwvcD4NCiAgICA8cD4mbmJzcDs8L3A+DQogICAgPHA+Jm5ic3A7PC9wPg0KICAgIDxwPiZuYnNwOzwvcD4NCiAgICA8cD4mbmJzcDs8L3A+DQogICAgPHA+Jm5ic3A7PC9wPg0KICAgIDxoMiBhbGlnbj0iY2VudGVyIiBjbGFzcz0ic3R5bGU0Ij5BdXRoZW50aWNhdGlvbiBhbmQgS2V5IEFncmVlbWVudCBCYXNlZCBvbiBBbm9ueW1vdXMgSWRlbnRpdHkgZm9yIFBlZXIgdG8gUGVlciBDbG91ZDwvaDI+DQogIDwvZGl2Pg0KPC9kaXY+DQo8ZGl2IGlkPSJuYXZpZ2F0aW9uIj4NCiAgPHVsPg0KICAgIDxsaT48YSBocmVmPSJpbmRleC5odG1sIj5Ib21lPC9hPjwvbGk+DQogICAgPGxpPjxhIGhyZWY9InZlcnR1YWxNYXN0ZXJMb2dpbi5qc3AiPk1vYmlsZSBUZXJtaW5hbDwvYT48L2xpPg0KICAgIDxsaT48YSBocmVmPSJkYXRhT3duZXJMb2dpbi5qc3AiPkRhdGFPd25lcjwvYT48L2xpPg0KICAgIDxsaT48YSBocmVmPSJjbG91ZFNlcnZlckxvZ2luLmpzcCI+Q2xvdWRTZXJ2ZXI8L2E+PC9saT4NCiAgICA8bGk+PGEgaHJlZj0iYWJvdXRQcm9qZWN0Lmh0bWwiPkFib3V0UHJvamVjdDwvYT48L2xpPg0KICA8L3VsPg0KPC9kaXY+DQo8ZGl2IGlkPSJjb250ZW50Ij4NCiAgPGRpdiBpZD0icGFnZSI+DQogICAgPGRpdiBpZD0iY29sdW1uMSI+DQogICAgICA8ZGl2IGNsYXNzPSJib3gxIj4NCiAgICAgICAgPGgyPkF0dGFjayBUaGUgRmlsZSAgICA8L2gyPg0KICAgICAgIA0KICAgICAgICA8cD4NCgkJIDwlQCBpbmNsdWRlIGZpbGU9ImNvbm5lY3QuanNwIiAlPg0KIA0KIDwlQCBwYWdlIGltcG9ydCA9ImphdmEuc2VjdXJpdHkuS2V5IiAlPg0KIA0KIDwlQCBwYWdlIGltcG9ydCA9ImphdmF4LmNyeXB0by5DaXBoZXIiICU+IA0KIA0KIDwlQCBwYWdlIGltcG9ydCA9ImphdmEubWF0aC5CaWdJbnRlZ2VyIiAlPg0KIA0KIDwlQCBwYWdlIGltcG9ydCA9ImphdmF4LmNyeXB0by5zcGVjLlNlY3JldEtleVNwZWMiICU+DQogDQogPCVAIHBhZ2UgaW1wb3J0ID0ib3JnLmJvdW5jeWNhc3RsZS51dGlsLmVuY29kZXJzLkJhc2U2NCIgJT4NCiANCiA8JUAgcGFnZSBpbXBvcnQgPSJqYXZhLnNlY3VyaXR5Lk1lc3NhZ2VEaWdlc3QsamF2YS5zZWN1cml0eS5EaWdlc3RJbnB1dFN0cmVhbSIgJT4NCiANCiA8JUAgcGFnZSBpbXBvcnQgPSJqYXZhLmlvLlByaW50U3RyZWFtLGphdmEuaW8uRmlsZU91dHB1dFN0cmVhbSxqYXZhLmlvLkZpbGVJbnB1dFN0cmVhbSxqYXZhLmlvLkJ1ZmZlcmVkSW5wdXRTdHJlYW0iICU+DQogDQogPCVAIHBhZ2UgaW1wb3J0PSJqYXZhLnRleHQuU2ltcGxlRGF0ZUZvcm1hdCxqYXZhLnV0aWwuRGF0ZSIlPg0KDQoJCSAgPCUNCgkJICB0cnkNCgkJICB7DQoJCSAgU3RyaW5nIGlkPShTdHJpbmcpYXBwbGljYXRpb24uZ2V0QXR0cmlidXRlKCJpZCIpOw0KCQkgIFN0cmluZyBvd25lciA9IHJlcXVlc3QuZ2V0UGFyYW1ldGVyKCJ0MyIpOw0KCQkgIFN0cmluZyBjbG91ZCA9IHJlcXVlc3QuZ2V0UGFyYW1ldGVyKCJ0NCIpOw0KCQkgIFN0cmluZyBmbmFtZSA9IHJlcXVlc3QuZ2V0UGFyYW1ldGVyKCJ0MSIpOw0KCQkgIFN0cmluZyBjb250ID0gcmVxdWVzdC5nZXRQYXJhbWV0ZXIoInRleHQiKTsNCgkJICBTdHJpbmcgdGQgPSByZXF1ZXN0LmdldFBhcmFtZXRlcigidDUiKTsNCgkgICAgICBTdHJpbmcgYXR0YWNrZXIgPSByZXF1ZXN0LmdldFBhcmFtZXRlcigidDIiKTsNCgkgICAgIA0KCQkgDQoJICAgICAgDQoJCSAgDQoJCSAgDQoJCSAgDQoJCSAgICBTaW1wbGVEYXRlRm9ybWF0IHNkZkRhdGUgPSBuZXcgU2ltcGxlRGF0ZUZvcm1hdCgiZGQvTU0veXl5eSIpOw0KCQkJU2ltcGxlRGF0ZUZvcm1hdCBzZGZUaW1lID0gbmV3IFNpbXBsZURhdGVGb3JtYXQoIkhIOm1tOnNzIik7DQoNCgkJCURhdGUgbm93ID0gbmV3IERhdGUoKTsNCg0KCQkJU3RyaW5nIHN0ckRhdGUgPSBzZGZEYXRlLmZvcm1hdChub3cpOw0KCQkJU3RyaW5nIHN0clRpbWUgPSBzZGZUaW1lLmZvcm1hdChub3cpOw0KCQkJU3RyaW5nIGR0ID0gc3RyRGF0ZSArICIgIiArIHN0clRpbWU7DQoJCSAgDQoJCSAgCVN0cmluZyBzdHIgPSAidXBkYXRlIHZtZmlsZXMxMSBzZXQgY3Q9JyIrY29udCsiJyxtYWM9JyIrdGQrIicgd2hlcmUgZm5hbWU9JyIrZm5hbWUrIicgICAiOw0KCQkJY29ubmVjdGlvbi5jcmVhdGVTdGF0ZW1lbnQoKS5leGVjdXRlVXBkYXRlKHN0cik7DQoJCQkNCgkJCVN0cmluZyBzdHIxID0gInNlbGVjdCAqIGZyb20gc2VydmVyIHdoZXJlIHVzZXJuYW1lPSciK2Nsb3VkKyInICI7DQoJCQlTdGF0ZW1lbnQgc3QgPSBjb25uZWN0aW9uLmNyZWF0ZVN0YXRlbWVudCgpOw0KCQkJUmVzdWx0U2V0IHJzID0gc3QuZXhlY3V0ZVF1ZXJ5KHN0cjEpOw0KCQkJaWYocnMubmV4dCgpKQ0KCQkJew0KCQkJIGludCBpPXJzLmdldEludCg1KTsNCgkJCSBpbnQgaj1pKzE7DQoJCQkgDQoJCQlTdHJpbmcgc3RyMyA9ICJ1cGRhdGUgc2VydmVyIHNldCBhdHRhY2s9JyIraisiJyB3aGVyZSB1c2VybmFtZT0nIitjbG91ZCsiJyAgICI7DQoJCQljb25uZWN0aW9uLmNyZWF0ZVN0YXRlbWVudCgpLmV4ZWN1dGVVcGRhdGUoc3RyMyk7DQoJCQkNCgkJCQl9DQoJCQkJDQoNCgkJCVN0cmluZyBzdHIyID0gImluc2VydCBpbnRvIGF0dGFja2VyKGlkLG93bmVyLGNsb3VkLGZuYW1lLGNvbnRlbnQsdHJhcGRvb3IsYXR0YWNrZXIsZHQpIHZhbHVlcygnIiArIGlkICsgIicsJyIgKyBvd25lciArICInLCciICsgY2xvdWQgKyAiJywnIiArIGZuYW1lICsgIicsJyIgKyBjb250ICsgIicsJyIgKyB0ZCArICInLCciICsgYXR0YWNrZXIgKyAiJywnIiArIGR0ICsgIicpIjsNCgkJCWNvbm5lY3Rpb24uY3JlYXRlU3RhdGVtZW50KCkuZXhlY3V0ZVVwZGF0ZShzdHIyKTsNCiU+PGgyPkZpbGUgQXR0YWNrZWQ8L2gyPg0KCQkgIDxwPg0KCQkgICAgPCUNCgkJICANCgkJICB9DQoJCSAgY2F0Y2goRXhjZXB0aW9uIGUpDQoJCSAgew0KCQkgIG91dC5wcmludGxuKGUuZ2V0TWVzc2FnZSgpKTsNCgkJICB9DQoJCSAgJT4NCgkgICAgPC9wPg0KCSAgICA8L3A+DQoJCSAgPHAgYWxpZ249InJpZ2h0Ij48YSBocmVmPSJhdHRhY2sxLmpzcCI+QmFjazwvYT4gPC9wPg0KICAgICAgPC9kaXY+DQogICAgPC9kaXY+DQogICAgPGRpdiBpZD0iY29sdW1uMiI+DQogICAgICA8aDI+TWVudTwvaDI+DQogICAgICA8dWw+DQogICAgPGxpPjxhIGhyZWY9ImluZGV4Lmh0bWwiPkhvbWU8L2E+PC9saT4NCiAgICANCiAgICAgIDwvdWw+DQogICAgPC9kaXY+DQogIDwvZGl2Pg0KICA8ZGl2IHN0eWxlPSJjbGVhcjogYm90aDsiPiZuYnNwOzwvZGl2Pg0KPC9kaXY+DQo8ZGl2IGlkPSJmb290ZXIiPg0KICANCjwvZGl2Pg0KPC9ib2R5Pg0KPC9odG1sPg0K', '-33d14396fe4e30404df8494d7cc262670adf5282', '0', '03/09/2020   16:01:13', '[B@132b73b');
INSERT INTO `vmfiles11` VALUES ('3', 'cloud1', 'Raju', 'DataInsert.jsp', 'PCVAIGluY2x1ZGUgZmlsZT0iY29ubmVjdC5qc3AiICU+DQo8JUAgcGFnZSBpbXBvcnQ9ImphdmEudXRpbC4qIiAlPg0KPCVAIHBhZ2UgaW1wb3J0PSJqYXZhLmlvLioiJT4NCjwlQCBwYWdlIGltcG9ydD0iY29tLm9yZWlsbHkuc2VydmxldC4qIiU+DQoNCiAgICAgICAgICAgIDwlDQoJCQkgICAgICAgDQoJCQkJCQ0KCQkJCSAgICBBcnJheUxpc3QgbGlzdCA9IG5ldyBBcnJheUxpc3QoKTsNCgkJCQkJDQoJCQkJCVNlcnZsZXRDb250ZXh0IGNvbnRleHQgPSBnZXRTZXJ2bGV0Q29udGV4dCgpOw0KCQkJCQkNCgkJCQkJU3RyaW5nIGRpck5hbWUgPWNvbnRleHQuZ2V0UmVhbFBhdGgoIkdhbGxlcnkvIik7DQoJCQkJCQ0KCQkJCQlTdHJpbmcgcGFyYW1uYW1lPW51bGwsdW5hbWU9bnVsbCxwYXNzPW51bGwsZW1haWw9bnVsbCxtbm89bnVsbCxhZGRyPW51bGwsZG9iPW51bGwsZ2VuZGVyPW51bGwscGluY29kZT1udWxsLGxvY2F0aW9uPW51bGwsaW1hZ2U9bnVsbCxjbG91ZD1udWxsLGJpbiA9ICIiOw0KCQkJCQ0KCQkJCQlGaWxlSW5wdXRTdHJlYW0gZnM9bnVsbDsNCgkJCQkJDQoJCQkJCUZpbGUgZmlsZTEgPSBudWxsOwkNCgkJCQkJDQoJCQkJCXRyeSB7DQoJCQkJCQlNdWx0aXBhcnRSZXF1ZXN0IG11bHRpID0gbmV3IE11bHRpcGFydFJlcXVlc3QocmVxdWVzdCwgZGlyTmFtZSwJMTAgKiAxMDI0ICogMTAyNCk7CSAvLyAxME1CDQoJCQkJCQkNCgkJCQkJCUVudW1lcmF0aW9uIHBhcmFtcyA9IG11bHRpLmdldFBhcmFtZXRlck5hbWVzKCk7DQoJCQkJCQkNCgkJCQkJCXdoaWxlIChwYXJhbXMuaGFzTW9yZUVsZW1lbnRzKCkpIA0KCQkJCQkJew0KCQkJCQkJCXBhcmFtbmFtZSA9IChTdHJpbmcpIHBhcmFtcy5uZXh0RWxlbWVudCgpOw0KCQkJCQkJCQ0KCQkJCQkJCWlmKHBhcmFtbmFtZS5lcXVhbHNJZ25vcmVDYXNlKCJ1c2VyaWQiKSkNCgkJCQkJCQl7DQoJCQkJCQkJCXVuYW1lPW11bHRpLmdldFBhcmFtZXRlcihwYXJhbW5hbWUpOw0KCQkJCQkJCX0NCgkJCQkJCQlpZihwYXJhbW5hbWUuZXF1YWxzSWdub3JlQ2FzZSgicGFzcyIpKQ0KCQkJCQkJCXsNCgkJCQkJCQkJcGFzcz1tdWx0aS5nZXRQYXJhbWV0ZXIocGFyYW1uYW1lKTsNCgkJCQkJCQl9DQoJCQkJCQkJaWYocGFyYW1uYW1lLmVxdWFsc0lnbm9yZUNhc2UoImVtYWlsIikpDQoJCQkJCQkJew0KCQkJCQkJCQllbWFpbD1tdWx0aS5nZXRQYXJhbWV0ZXIocGFyYW1uYW1lKTsNCgkJCQkJCQl9DQoJCQkJCQkJaWYocGFyYW1uYW1lLmVxdWFsc0lnbm9yZUNhc2UoIm1vYmlsZSIpKQ0KCQkJCQkJCXsNCgkJCQkJCQkJbW5vPW11bHRpLmdldFBhcmFtZXRlcihwYXJhbW5hbWUpOw0KCQkJCQkJCX0NCgkJCQkJCQlpZihwYXJhbW5hbWUuZXF1YWxzSWdub3JlQ2FzZSgiYWRkcmVzcyIpKQ0KCQkJCQkJCXsNCgkJCQkJCQkJYWRkcj1tdWx0aS5nZXRQYXJhbWV0ZXIocGFyYW1uYW1lKTsNCgkJCQkJCQl9DQoJCQkJCQkJaWYocGFyYW1uYW1lLmVxdWFsc0lnbm9yZUNhc2UoImRvYiIpKQ0KCQkJCQkJCXsNCgkJCQkJCQkJZG9iPW11bHRpLmdldFBhcmFtZXRlcihwYXJhbW5hbWUpOw0KCQkJCQkJCX0gDQoJCQkJCQkJaWYocGFyYW1uYW1lLmVxdWFsc0lnbm9yZUNhc2UoImdlbmRlciIpKQ0KCQkJCQkJCXsNCgkJCQkJCQkJZ2VuZGVyPW11bHRpLmdldFBhcmFtZXRlcihwYXJhbW5hbWUpOw0KCQkJCQkJCX0NCgkJCQkJCQlpZihwYXJhbW5hbWUuZXF1YWxzSWdub3JlQ2FzZSgicGluY29kZSIpKQ0KCQkJCQkJCXsNCgkJCQkJCQkJcGluY29kZT1tdWx0aS5nZXRQYXJhbWV0ZXIocGFyYW1uYW1lKTsNCgkJCQkJCQl9DQoJCQkJCQkJaWYocGFyYW1uYW1lLmVxdWFsc0lnbm9yZUNhc2UoImNsb3VkIikpDQoJCQkJCQkJew0KCQkJCQkJCQljbG91ZD1tdWx0aS5nZXRQYXJhbWV0ZXIocGFyYW1uYW1lKTsNCgkJCQkJCQl9DQoNCg0KCQkJCQkJfQ0KCQkJCQkJCQ0KCQkJCQkJaW50IGYgPSAwOw0KCQkJCQkJRW51bWVyYXRpb24gZmlsZXMgPSBtdWx0aS5nZXRGaWxlTmFtZXMoKTsJDQoJCQkJCQl3aGlsZSAoZmlsZXMuaGFzTW9yZUVsZW1lbnRzKCkpIA0KCQkJCQkJew0KCQkJCQkJCXBhcmFtbmFtZSA9IChTdHJpbmcpIGZpbGVzLm5leHRFbGVtZW50KCk7DQoJCQkJCQkJDQoJCQkJCQkJaWYocGFyYW1uYW1lICE9IG51bGwpDQoJCQkJCQkJew0KCQkJCQkJCQlmID0gMTsNCgkJCQkJCQkJaW1hZ2UgPSBtdWx0aS5nZXRGaWxlc3lzdGVtTmFtZShwYXJhbW5hbWUpOw0KCQkJCQkJCQlTdHJpbmcgZlBhdGggPSBjb250ZXh0LmdldFJlYWxQYXRoKCJHYWxsZXJ5XFwiK2ltYWdlKTsNCgkJCQkJCQkJZmlsZTEgPSBuZXcgRmlsZShmUGF0aCk7DQoJCQkJCQkJCWZzID0gbmV3IEZpbGVJbnB1dFN0cmVhbShmaWxlMSk7DQoJCQkJCQkJCWxpc3QuYWRkKGZzKTsNCgkJCQkJCQkNCgkJCQkJCQkJU3RyaW5nIHNzPWZQYXRoOw0KCQkJCQkJCQlGaWxlSW5wdXRTdHJlYW0gZmlzID0gbmV3IEZpbGVJbnB1dFN0cmVhbShzcyk7DQoJCQkJCQkJCVN0cmluZ0J1ZmZlciBzYjE9bmV3IFN0cmluZ0J1ZmZlcigpOw0KCQkJCQkJCQlpbnQgaSA9IDA7DQoJCQkJCQkJCXdoaWxlICgoaSA9IGZpcy5yZWFkKCkpICE9IC0xKSANCgkJCQkJCQkJew0KCQkJCQkJCQkJaWYgKGkgIT0gLTEpDQoJCQkJCQkJCQkgew0KCQkJCQkJCQkJCS8vU3lzdGVtLm91dC5wcmludGxuKGkpOw0KCQkJCQkJCQkJCVN0cmluZyBoZXggPSBJbnRlZ2VyLnRvSGV4U3RyaW5nKGkpOw0KCQkJCQkJCQkJCS8vIHNlc3Npb24ucHV0KCJoZXgiLGhleCk7DQoJCQkJCQkJCQkJc2IxLmFwcGVuZChoZXgpOw0KCQkJCQkJCQkJCQ0KCQkJCQkJCQkJDQoJCQkJCQkJCQkJU3RyaW5nIGJpbkZyYWdtZW50ID0gIiI7DQoJCQkJCQkJCQkJaW50IGlIZXg7DQoJCQkgDQoJCQkJCQkJCQkJZm9yKGludCBpMT0gMDsgaTEgPCBoZXgubGVuZ3RoKCk7IGkxKyspDQoJCQkJCQkJCQkJew0KCQkJCQkJCQkJCQlpSGV4ID0gSW50ZWdlci5wYXJzZUludCgiIitoZXguY2hhckF0KGkxKSwxNik7DQoJCQkJCQkJCQkJCWJpbkZyYWdtZW50ID0gSW50ZWdlci50b0JpbmFyeVN0cmluZyhpSGV4KTsNCgkJCQ0KCQkJCQkJCQkJCQl3aGlsZShiaW5GcmFnbWVudC5sZW5ndGgoKSA8IDQpDQoJCQkJCQkJCQkJCXsNCgkJCQkJCQkJCQkJCWJpbkZyYWdtZW50ID0gIjAiICsgYmluRnJhZ21lbnQ7DQoJCQkJCQkJCQkJCX0NCgkJCQkJCQkJCQkJYmluICs9IGJpbkZyYWdtZW50Ow0KCQkJCQkJCQ0KCQkJCQkJICAgICAgICAgICAgICAgIH0NCgkJCQkJCQkJCX0JDQoJCQkJCQkJCQkNCgkJCQkJCQkJfQ0KCQkJCQkJCQkNCgkJCQkJCQl9CQkNCgkJCQkJCX0NCgkJCQkJCQ0KCQkJCQkJDQoJCQ0KCQkJCQkJRmlsZUlucHV0U3RyZWFtIGZzMSA9IG51bGw7DQoJCQkgCQkJU3RyaW5nIHF1ZXJ5MT0ic2VsZWN0ICogZnJvbSBkYXRhb3duZXIgIHdoZXJlIHVzZXJuYW1lPSciK3VuYW1lKyInIGFuZCBjbG91ZD0nIitjbG91ZCsiJyI7IA0KCQkJCQkJU3RhdGVtZW50IHN0MT1jb25uZWN0aW9uLmNyZWF0ZVN0YXRlbWVudCgpOw0KCQkJCQkJUmVzdWx0U2V0IHJzMT1zdDEuZXhlY3V0ZVF1ZXJ5KHF1ZXJ5MSk7DQoJCQkJCQkNCgkJCQkJCQkNCgkJCQkJaWYgKCByczEubmV4dCgpICkNCgkJCQkJICAgew0KCQkJCQkgICAJCW91dC5wcmludCgiT3duZXIgTmFtZSBBbHJlYWR5IEV4aXN0IGluICAiKTslPjwlPWNsb3VkJT48JQ0KCQkJCQkJCQ0KCQkJCQkJCQ0KCQkJCSU+DQoJCQkJCQkJPHA+PGEgaHJlZj0iZGF0YU93bmVyUmVnaXN0ZXIuanNwIj5CYWNrPC9hPjwvcD4NCgkJCQk8JQ0KCQkJCQ0KCQkJCQkgICB9DQoJCQkJCSAgIGVsc2UNCgkJCQkJICAgew0KCQkJCQkgICANClByZXBhcmVkU3RhdGVtZW50IHBzPWNvbm5lY3Rpb24ucHJlcGFyZVN0YXRlbWVudCgiaW5zZXJ0IGludG8gZGF0YW93bmVyKHVzZXJuYW1lLHBhc3N3b3JkLGVtYWlsLG1vYmlsZSxhZGRyZXNzLGRvYixnZW5kZXIscGluY29kZSxpbWFnZSxjbG91ZCkgdmFsdWVzKD8sPyw/LD8sPyw/LD8sPyw/LD8pIik7DQoJCQkJCQlwcy5zZXRTdHJpbmcoMSx1bmFtZSk7DQoJCQkJCQlwcy5zZXRTdHJpbmcoMixwYXNzKTsNCgkJCQkJCXBzLnNldFN0cmluZygzLGVtYWlsKTsJDQoJCQkJCQlwcy5zZXRTdHJpbmcoNCxtbm8pOw0KCQkJCQkJcHMuc2V0U3RyaW5nKDUsYWRkcik7DQoJCQkJCQlwcy5zZXRTdHJpbmcoNixkb2IpOw0KCQkJCQkJcHMuc2V0U3RyaW5nKDcsZ2VuZGVyKTsNCgkJCQkJCXBzLnNldFN0cmluZyg4LHBpbmNvZGUpOw0KCQkJCQ0KCQkJCQkJcHMuc2V0QmluYXJ5U3RyZWFtKDksIChJbnB1dFN0cmVhbSlmcywgKGludCkoZmlsZTEubGVuZ3RoKCkpKTsJDQoJCQkJICAgICAgICBwcy5zZXRTdHJpbmcoMTAsY2xvdWQpOw0KCQkJCQkJDQoJCQkJCQlpZihmID09IDApDQoJCQkJCQkJcHMuc2V0T2JqZWN0KDksbnVsbCk7DQoJCQkJCQllbHNlIGlmKGYgPT0gMTIpDQoJCQkJCQl7DQoJCQkJCQkJZnMxID0gKEZpbGVJbnB1dFN0cmVhbSlsaXN0LmdldCgwKTsNCgkJCQkJCQlwcy5zZXRCaW5hcnlTdHJlYW0oOSxmczEsZnMxLmF2YWlsYWJsZSgpKTsNCgkJCQkJCX0JDQoJCQkJCQkNCgkJCQkJCWludCB4PXBzLmV4ZWN1dGVVcGRhdGUoKTsNCgkJCQkJCWlmKHg+MCkNCgkJCQkJCXsNCgkJCQkJCQlvdXQucHJpbnQoIlJlZ2lzdGVyZWQgU3VjY2Vzc2Z1bGx5Iik7DQoJCQkJCQkJDQoJCQklPgkJCQ0KCQkJPHA+PGEgaHJlZj0iZGF0YU93bmVyUmVnaXN0ZXIuanNwIj5CYWNrPC9hPjwvcD4NCgkJCTwlDQoJCQkNCgkJCQkJfX19DQoJCQkJCWNhdGNoIChFeGNlcHRpb24gZSkgDQoJCQkJCXsNCgkJCQkJCW91dC5wcmludGxuKGUuZ2V0TWVzc2FnZSgpKTsNCgkJCQkJfQ0KCQkJJT4NCg==', '-65c653cb86d429c0483149035d8b04d9510448cb', '0', '03/09/2020   16:50:47', '[B@54864c');
INSERT INTO `vmfiles11` VALUES ('4', 'cloud1', 'Manjunath', 'SearchFile.jsp', 'PCFET0NUWVBFIGh0bWwgUFVCTElDICItLy9XM0MvL0RURCBYSFRNTCAxLjAgVHJhbnNpdGlvbmFsLy9FTiIgImh0dHA6Ly93d3cudzMub3JnL1RSL3hodG1sMS9EVEQveGh0bWwxLXRyYW5zaXRpb25hbC5kdGQiPg0KPGh0bWwgeG1sbnM9Imh0dHA6Ly93d3cudzMub3JnLzE5OTkveGh0bWwiPg0KPGhlYWQ+DQo8dGl0bGU+U2VhcmNoIEZpbGU8L3RpdGxlPg0KPG1ldGEgaHR0cC1lcXVpdj0iY29udGVudC10eXBlIiBjb250ZW50PSJ0ZXh0L2h0bWw7IGNoYXJzZXQ9dXRmLTgiIC8+DQo8bGluayBocmVmPSJsYXlvdXQuY3NzIiByZWw9InN0eWxlc2hlZXQiIHR5cGU9InRleHQvY3NzIiBtZWRpYT0ic2NyZWVuIiAvPg0KPHN0eWxlIHR5cGU9InRleHQvY3NzIj4NCjwhLS0NCi5zdHlsZTQge2NvbG9yOiAjRkZGRkZGOyB9DQouc3R5bGUyMiB7Y29sb3I6ICNGRkZGMDB9DQotLT4NCjwvc3R5bGU+DQo8c2NyaXB0IHR5cGU9J3RleHQvamF2YXNjcmlwdCc+DQogICAgICAgIGZ1bmN0aW9uIHNhdmVUZXh0QXNGaWxlKCkNCnsNCgl2YXIgdGV4dFRvV3JpdGUgPSBkb2N1bWVudC5nZXRFbGVtZW50QnlJZCgidGV4dGFyZWEiKS52YWx1ZTsNCgl2YXIgdGV4dEZpbGVBc0Jsb2IgPSBuZXcgQmxvYihbdGV4dFRvV3JpdGVdLCB7dHlwZTondGV4dC9wbGFpbid9KTsNCgl2YXIgZmlsZU5hbWVUb1NhdmVBcyA9ICJGaWxlLnR4dCI7DQoNCgl2YXIgZG93bmxvYWRMaW5rID0gZG9jdW1lbnQuY3JlYXRlRWxlbWVudCgiYSIpOw0KCWRvd25sb2FkTGluay5kb3dubG9hZCA9IGZpbGVOYW1lVG9TYXZlQXM7DQoJZG93bmxvYWRMaW5rLmlubmVySFRNTCA9ICJEb3dubG9hZCBGaWxlIjsNCglpZiAod2luZG93LndlYmtpdFVSTCAhPSBudWxsKQ0KCXsNCgkJLy8gQ2hyb21lIGFsbG93cyB0aGUgbGluayB0byBiZSBjbGlja2VkDQoJCS8vIHdpdGhvdXQgYWN0dWFsbHkgYWRkaW5nIGl0IHRvIHRoZSBET00uDQoJCWRvd25sb2FkTGluay5ocmVmID0gd2luZG93LndlYmtpdFVSTC5jcmVhdGVPYmplY3RVUkwodGV4dEZpbGVBc0Jsb2IpOw0KCX0NCgllbHNlDQoJew0KCQkvLyBGaXJlZm94IHJlcXVpcmVzIHRoZSBsaW5rIHRvIGJlIGFkZGVkIHRvIHRoZSBET00NCgkJLy8gYmVmb3JlIGl0IGNhbiBiZSBjbGlja2VkLg0KCQlkb3dubG9hZExpbmsuaHJlZiA9IHdpbmRvdy5VUkwuY3JlYXRlT2JqZWN0VVJMKHRleHRGaWxlQXNCbG9iKTsNCgkJZG93bmxvYWRMaW5rLm9uY2xpY2sgPSBkZXN0cm95Q2xpY2tlZEVsZW1lbnQ7DQoJCWRvd25sb2FkTGluay5zdHlsZS5kaXNwbGF5ID0gIm5vbmUiOw0KCQlkb2N1bWVudC5ib2R5LmFwcGVuZENoaWxkKGRvd25sb2FkTGluayk7DQoJfQ0KDQoJZG93bmxvYWRMaW5rLmNsaWNrKCk7DQp9DQoNCmZ1bmN0aW9uIGRlc3Ryb3lDbGlja2VkRWxlbWVudChldmVudCkNCnsNCglkb2N1bWVudC5ib2R5LnJlbW92ZUNoaWxkKGV2ZW50LnRhcmdldCk7DQp9DQo8L3NjcmlwdD4NCjwvaGVhZD4NCjxib2R5Pg0KPGRpdiBpZD0iaGVhZGVyIj4NCiAgPGRpdiBpZD0ibG9nbyI+DQogICAgPHA+Jm5ic3A7PC9wPg0KICAgIDxwPiZuYnNwOzwvcD4NCiAgICA8cD4mbmJzcDs8L3A+DQogICAgPHA+Jm5ic3A7PC9wPg0KICAgIDxwPiZuYnNwOzwvcD4NCiAgICA8cD4mbmJzcDs8L3A+DQogICAgPGgyIGFsaWduPSJjZW50ZXIiIGNsYXNzPSJzdHlsZTQiPkF1dGhlbnRpY2F0aW9uIGFuZCBLZXkgQWdyZWVtZW50IEJhc2VkIG9uIEFub255bW91cyBJZGVudGl0eSBmb3IgUGVlciB0byBQZWVyIENsb3VkPC9oMj4NCiAgPC9kaXY+DQo8L2Rpdj4NCjxkaXYgaWQ9Im5hdmlnYXRpb24iPg0KICA8dWw+DQogICAgPGxpPjxhIGhyZWY9ImluZGV4Lmh0bWwiPkhvbWU8L2E+PC9saT4NCiAgICA8bGk+PGEgaHJlZj0idmVydHVhbE1hc3RlckxvZ2luLmpzcCI+TW9iaWxlIFRlcm1pbmFsPC9hPjwvbGk+DQogICAgPGxpIGNsYXNzPSJhY3RpdmUiPjxhIGhyZWY9ImRhdGFPd25lckxvZ2luLmpzcCIgY2xhc3M9ImZpcnN0Ij5Vc2VyPC9hPjwvbGk+DQogICAgPGxpPjxhIGhyZWY9ImNsb3VkU2VydmVyTG9naW4uanNwIj5DbG91ZFNlcnZlcjwvYT48L2xpPg0KICAgIDxsaT48YSBocmVmPSJhYm91dFByb2plY3QuaHRtbCI+QWJvdXRQcm9qZWN0PC9hPjwvbGk+DQogIDwvdWw+DQo8L2Rpdj4NCjxkaXYgaWQ9ImNvbnRlbnQiPg0KICA8ZGl2IGlkPSJwYWdlIj4NCiAgICA8ZGl2IGlkPSJjb2x1bW4xIj4NCiAgICAgIDxkaXYgY2xhc3M9ImJveDEiPg0KICAgICAgICA8aDI+U2VhcmNoIEZpbGUgPC9oMj4NCiAgICAgICANCiAgIA0KICAgICAgICA8cD4NCgkJDQoJICA8JUAgaW5jbHVkZSBmaWxlID0gImNvbm5lY3QuanNwIiAlPg0KCSAgPCVAIHBhZ2UgaW1wb3J0ID0gImphdmEudXRpbC5EYXRlIiAlPg0KCSAgPCVAIHBhZ2UgaW1wb3J0ID0gImphdmEuc2VjdXJpdHkuS2V5IiAlPg0KCSAgPCVAIHBhZ2UgaW1wb3J0ID0gImphdmEudGV4dC5TaW1wbGVEYXRlRm9ybWF0IiAlPg0KCSAgPCVAIHBhZ2UgaW1wb3J0ID0gIm9yZy5ib3VuY3ljYXN0bGUudXRpbC5lbmNvZGVycy5CYXNlNjQiJT4NCgkgIDwlQCBwYWdlIGltcG9ydCA9ICJqYXZheC5jcnlwdG8uc3BlYy5TZWNyZXRLZXlTcGVjLGphdmF4LmNyeXB0by5DaXBoZXIiICU+DQoJICANCgkgDQoJCSA8JQ0KCQkgIA0KCQkgICAgCXRyeSANCgkJCQl7DQoJCQkNCgkJCQlTdHJpbmcgaWQgPShTdHJpbmcpIGFwcGxpY2F0aW9uLmdldEF0dHJpYnV0ZSgiaWQiKTsNCgkJCQlTdHJpbmcgYSA9IChTdHJpbmcpYXBwbGljYXRpb24uZ2V0QXR0cmlidXRlKCJhIik7DQoJCQkJU3RyaW5nIHQyID0gcmVxdWVzdC5nZXRQYXJhbWV0ZXIoInQyIik7DQogICAgICAgICAgICAgICAgU3RyaW5nIGZpbGUsY3QscmFuazsNCgkJCQlpbnQgaT0wLGo9MDsNCgkJCVN0cmluZyBzdHIgPSAic2VsZWN0ICogZnJvbSB2bWZpbGVzIHdoZXJlIGlkPSciK2lkKyInICI7DQoJCQlTdGF0ZW1lbnQgc3QgPSBjb25uZWN0aW9uLmNyZWF0ZVN0YXRlbWVudCgpOw0KCQkJUmVzdWx0U2V0IHJzID0gc3QuZXhlY3V0ZVF1ZXJ5KHN0cik7DQoJCQl3aGlsZShycy5uZXh0KCkpDQoJCQl7DQoJCQlmaWxlID0gcnMuZ2V0U3RyaW5nKDQpOw0KCQkJY3QgPSBycy5nZXRTdHJpbmcoNSk7DQoJCQkJU3RyaW5nIHNrID0gcnMuZ2V0U3RyaW5nKDkpOw0KCQkJaiA9IHJzLmdldEludCg3KTsNCgkJCQ0KCQkJaSA9IGorMTsNCgkJCQ0KCQkJDQoJCSAgICBTdHJpbmcgZGVjcnlwdGVkVmFsdWUgPSBuZXcgU3RyaW5nKEJhc2U2NC5kZWNvZGUoY3QuZ2V0Qnl0ZXMoKSkpOwkNCgkJCQ0KCQkJU3RyaW5nIHN0cjEgPSAidXBkYXRlIHZtZmlsZXMgc2V0IHJhbms9JyIraSsiJyB3aGVyZSBpZD0nIitpZCsiJyI7DQoJCQljb25uZWN0aW9uLmNyZWF0ZVN0YXRlbWVudCgpLmV4ZWN1dGVVcGRhdGUoc3RyMSk7DQoJCQkJDQoJCWlmKHQyLmVxdWFsc0lnbm9yZUNhc2Uoc2spKQ0KCQl7DQoJCQklPg0KCQkJDQoJCQ0KICAgICAgICA8dGFibGUgd2lkdGg9IjQ3OCIgYm9yZGVyPSIwIiBhbGlnbj0iY2VudGVyIj4NCiAgICAgICAgICAgICAgPHRyPg0KICAgICAgICAgICAgICAgIDx0ZCB3aWR0aD0iMjIzIiBoZWlnaHQ9IjUxIiBiZ2NvbG9yPSIjRkYwMDAwIj48c3BhbiBjbGFzcz0ic3R5bGU1IHN0eWxlMjIiPkVudGVyIEZpbGUgTmFtZSA8L3NwYW4+PC90ZD4NCiAgICAgICAgICAgICAgICA8dGQgd2lkdGg9IjI0NSI+PGxhYmVsPg0KICAgICAgICAgICAgICAgICAgPGlucHV0IHJlcXVpcmVkIG5hbWU9InQxIiB0eXBlPSJ0ZXh0IiB2YWx1ZT0iPCU9ZmlsZSU+IiBzaXplPSI0MCIgLz4NCiAgICAgICAgICAgICAgICA8L2xhYmVsPjwvdGQ+DQogICAgICAgICAgICAgIDwvdHI+DQogICAgICAgICAgICAgDQogICAgICAgICAgICAgIDx0cj4NCiAgICAgICAgICAgICAgICA8dGQgaGVpZ2h0PSIzNSIgYmdjb2xvcj0iI0ZGMDAwMCI+PHNwYW4gY2xhc3M9InN0eWxlNSBzdHlsZTIyIj5GaWxlIENvbnRlbnQ8L3NwYW4+PC90ZD4NCiAgICAgICAgICAgICAgICA8dGQ+PHRleHRhcmVhIG5hbWU9InRleHQiIGlkPSJ0ZXh0YXJlYSIgY29scz0iNDUiIHJvd3M9IjE3Ij48JT1kZWNyeXB0ZWRWYWx1ZSU+PC90ZXh0YXJlYT48L3RkPg0KICAgICAgICAgICAgICA8L3RyPg0KICAgICAgICAgICAgICA8dHI+DQogICAgICAgICAgICAgICAgPHRkPiZuYnNwOzwvdGQ+DQogICAgICAgICAgICAgICAgPHRkPiZuYnNwOzwvdGQ+DQogICAgICAgICAgICAgIDwvdHI+DQogICAgICAgICAgICAgIDx0cj4NCiAgICAgICAgICAgICAgICA8dGQ+PGRpdiBhbGlnbj0icmlnaHQiPjwvZGl2PjwvdGQ+DQogICAgICAgICAgICAgICAgPHRkPjxsYWJlbD4NCiAgICAgICAgICAgICAgICAgIDxidXR0b24gb25DbGljaz0ic2F2ZVRleHRBc0ZpbGUoKSI+RG93bmxvYWQ8L2J1dHRvbj4NCiAgICAgICAgICAgICAgICA8L2xhYmVsPjwvdGQ+DQogICAgICAgICAgICAgIDwvdHI+DQogICAgICAgIDwvdGFibGU+DQogICAgICAgICANCgkJCQ0KCQkJICAgIA0KCSANCgkJCSAgICAgICAgPC9wPg0KCQk8JQ0KCQl9DQoJCWVsc2UNCgkJew0KCQlvdXQucHJpbnQoIlNlY3JldCBLZXkgTWlzTWF0Y2ggIik7DQoJCX0NCgkJfQ0KCQlpZihhLmVxdWFsc0lnbm9yZUNhc2UoImEiKSkJDQoJCXsJDQoJCSU+CQ0KICAgICAgICA8cD48YSBocmVmPSJzZWFyY2hGaWxlLmpzcCI+QmFjazwvYT48L3A+DQogICAgICA8JQ0KCSAgfQ0KCSAgZWxzZQ0KCSAgew0KCSAgJT4NCgkgICA8cD48YSBocmVmPSJ2aWV3T3duZXJGaWxlLmpzcCI+QmFjazwvYT48L3A+DQoJICA8JQ0KCSAgfQ0KCSAgCQ0KCQkJDQoJDQoJCQkJCQ0KCQkNCgkJCQkJDQoJDQoJIA0KICAgICAgICAgICBjb25uZWN0aW9uLmNsb3NlKCk7DQogICAgICAgICAgfQ0KICAgICAgICAgDQogICAgICAgICAgY2F0Y2goRXhjZXB0aW9uIGUpDQogICAgICAgICAgew0KICAgICAgICAgICAgb3V0LnByaW50bG4oZS5nZXRNZXNzYWdlKCkpOw0KICAgICAgICAgIH0NCiU+IAkJICANCgkJCSAgICANCgkgIDwvZGl2Pg0KICAgIDwvZGl2Pg0KICAgIDxkaXYgaWQ9ImNvbHVtbjIiPg0KICAgICAgPGgyPk1lbnU8L2gyPg0KICAgICAgPHVsPg0KICAgIA0KICAgIDxsaT48YSBocmVmPSJkYXRhT3duZXJNYWluLmpzcCI+RGF0YSBPd25lciBNYWluPC9hPjwvbGk+DQogICAgPGxpPjxhIGhyZWY9ImRhdGFPd25lckxvZ2luLmpzcCI+TG9nIE91dDwvYT48L2xpPg0KICAgDQogICAgICA8L3VsPg0KICAgIDwvZGl2Pg0KICA8L2Rpdj4NCiAgPGRpdiBzdHlsZT0iY2xlYXI6IGJvdGg7Ij4mbmJzcDs8L2Rpdj4NCjwvZGl2Pg0KPGRpdiBpZD0iZm9vdGVyIj4NCiAgDQo8L2Rpdj4NCjwvYm9keT4NCjwvaHRtbD4NCg== Attacked contents are here', '-183352db0249bab39578b50f4b7aaa79f99f1f5', '0', '04/09/2020   16:53:00', '[B@1757337');
